"","AGBT CTA2.0 | 001 | PanCK-pos","CTA 2.0 | 001 | Geometric Segment","AGBT CTA 2.0 | 001 | PanCK-pos","AGBT CTA2.0 | 001 | PanCK-neg","AGBT CTA 2.0 | 001 | PanCK-neg","CTA 2.0 | 002 | Geometric Segment","AGBT CTA2.0 | 002 | PanCK-pos","AGBT CTA 2.0 | 002 | PanCK-pos","CTA 2.0 | 003 | Geometric Segment","AGBT CTA2.0 | 002 | PanCK-neg","AGBT CTA 2.0 | 002 | PanCK-neg","CTA 2.0 | 004 | Geometric Segment","AGBT CTA2.0 | 003 | PanCK-pos","AGBT CTA 2.0 | 003 | PanCK-pos","AGBT CTA2.0 | 003 | PanCK-neg","AGBT CTA 2.0 | 003 | PanCK-neg","AGBT CTA2.0 | 004 | PanCK-pos","AGBT CTA 2.0 | 004 | PanCK-pos","AGBT CTA2.0 | 004 | PanCK-neg","AGBT CTA 2.0 | 004 | PanCK-neg","AGBT CTA 2.0 | 005 | PanCK-pos","AGBT CTA2.0 | 005 | PanCK-pos","AGBT CTA2.0 | 005 | PanCK-neg","CTA 2.0 | 006 | Geometric Segment","AGBT CTA 2.0 | 005 | PanCK-neg","AGBT CTA 2.0 | 006 | PanCK-pos","CTA 2.0 | 007 | Geometric Segment","AGBT CTA2.0 | 006 | PanCK-pos","AGBT CTA2.0 | 006 | PanCK-neg","AGBT CTA 2.0 | 006 | PanCK-neg","CTA 2.0 | 008 | Geometric Segment","AGBT CTA2.0 | 007 | PanCK-pos","AGBT CTA 2.0 | 007 | PanCK-neg","CTA 2.0 | 009 | Geometric Segment","AGBT CTA2.0 | 007 | PanCK-neg","AGBT CTA 2.0 | 008 | PanCK-pos","CTA 2.0 | 010 | Geometric Segment","AGBT CTA 2.0 | 008 | PanCK-neg","AGBT CTA2.0 | 008 | PanCK-pos","CTA 2.0 | 011 | Geometric Segment","AGBT CTA2.0 | 008 | PanCK-neg","CTA 2.0 | 012 | Geometric Segment","AGBT CTA 2.0 | 009 | PanCK-pos","CTA 2.0 | 013 | Geometric Segment","AGBT CTA 2.0 | 009 | PanCK-neg","AGBT CTA2.0 | 009 | PanCK-pos","CTA 2.0 | 014 | Geometric Segment","AGBT CTA2.0 | 009 | PanCK-neg","AGBT CTA 2.0 | 010 | PanCK-pos","CTA 2.0 | 015 | Geometric Segment","AGBT CTA2.0 | 010 | PanCK-pos","AGBT CTA 2.0 | 010 | PanCK-neg","AGBT CTA 2.0 | 011 | PanCK-pos","CTA 2.0 | 016 | Geometric Segment","AGBT CTA2.0 | 011 | PanCK-pos","AGBT CTA 2.0 | 011 | PanCK-neg","AGBT CTA2.0 | 011 | PanCK-neg","CTA 2.0 | 017 | Geometric Segment","AGBT CTA 2.0 | 012 | PanCK-pos","AGBT CTA2.0 | 012 | PanCK-pos","CTA 2.0 | 018 | Geometric Segment","CTA 2.0 | 019 | Geometric Segment","AGBT CTA2.0 | 012 | PanCK-neg","AGBT CTA 2.0 | 012 | PanCK-neg","AGBT CTA2.0 | 013 | PanCK-pos","CTA 2.0 | 020 | Geometric Segment","AGBT CTA 2.0 | 013 | PanCK-pos","AGBT CTA2.0 | 013 | PanCK-neg","AGBT CTA 2.0 | 013 | PanCK-neg","CTA 2.0 | 021 | Geometric Segment","AGBT CTA2.0 | 014 | PanCK-pos","AGBT CTA 2.0 | 014 | PanCK-pos","CTA 2.0 | 022 | Geometric Segment","AGBT CTA2.0 | 014 | PanCK-neg","AGBT CTA 2.0 | 014 | PanCK-neg","CTA 2.0 | 023 | Geometric Segment","AGBT CTA 2.0 | 015 | PanCK-pos","AGBT CTA2.0 | 015 | PanCK-pos","CTA 2.0 | 024 | Geometric Segment","AGBT CTA2.0 | 015 | PanCK-neg","AGBT CTA 2.0 | 016 | PanCK-pos","AGBT CTA 2.0 | 016 | PanCK-neg","AGBT CTA2.0 | 016 | PanCK-pos","AGBT CTA 2.0 | 017 | PanCK-pos","AGBT CTA2.0 | 016 | PanCK-neg","AGBT CTA 2.0 | 017 | PanCK-neg","AGBT CTA2.0 | 017 | PanCK-pos","AGBT CTA 2.0 | 018 | PanCK-pos","AGBT CTA2.0 | 017 | PanCK-neg","AGBT CTA 2.0 | 018 | PanCK-neg","AGBT CTA2.0 | 018 | PanCK-pos","AGBT CTA 2.0 | 019 | PanCK-pos","AGBT CTA2.0 | 018 | PanCK-neg","AGBT CTA 2.0 | 019 | PanCK-neg","AGBT CTA2.0 | 019 | PanCK-pos","AGBT CTA2.0 | 019 | PanCK-neg","AGBT CTA 2.0 | 020 | PanCK-pos","AGBT CTA 2.0 | 020 | PanCK-neg","AGBT CTA2.0 | 020 | PanCK-pos","AGBT CTA2.0 | 020 | PanCK-neg","AGBT CTA 2.0 | 021 | PanCK-pos","AGBT CTA 2.0 | 021 | PanCK-neg","AGBT CTA2.0 | 021 | PanCK-pos","AGBT CTA2.0 | 021 | PanCK-neg","AGBT CTA 2.0 | 022 | PanCK-pos","AGBT CTA 2.0 | 022 | PanCK-neg","AGBT CTA2.0 | 022 | PanCK-neg","AGBT CTA 2.0 | 023 | PanCK-pos","AGBT CTA2.0 | 023 | PanCK-pos","AGBT CTA 2.0 | 023 | PanCK-neg","AGBT CTA2.0 | 023 | PanCK-neg","AGBT CTA 2.0 | 024 | PanCK-pos","AGBT CTA2.0 | 024 | PanCK-pos","AGBT CTA 2.0 | 024 | PanCK-neg","AGBT CTA2.0 | 024 | PanCK-neg"
"macrophages",0.00717936514447226,0.530780026144813,0.0355927783301824,0.000296323895697892,0.0461507073646898,0.487543936655576,0.0522023414552057,0.0745687191372459,0.663833827644968,0.000241488105307441,0.0446612671697793,0.465933535167471,0.0284037178050687,0.0620424861987203,0.000545205879534549,0.00636919199117858,0.0249642357174196,0.0677326598167443,0.000395918611594936,0.0329293076531942,0.03107288243442,0.0354580786632448,0.00037846478481729,0.544998122698721,0.00153359869153613,0.0139728556333036,0.35321809618687,0.00365247513234013,0.00923710577837289,0.00954174699022303,0.269028774934548,0.00963539597096719,0.00184263613036739,0.147966596309034,0.000181842819231282,0.034414231006801,0.230732238661762,0.0128864941175166,0.0177411041090663,0.328730378540679,0.00013255948926405,0.114480643026449,0.00292709931674562,1,0.0105882675216353,0.00713610854338942,1,3.80290204686773e-05,0.0190043213391291,1,0.00604257340311154,5.03739136874515e-05,0.0100043994764634,1,0.0343817289981052,0.000796944328301574,0.00298432415344951,1,0.00162204904687813,0.0406620198939329,1,1,0.0192486367820697,1.20067072972851e-06,0.00579275722650774,1,0.00117608212329579,6.42185890153968e-06,1.65764734827434e-07,1,0.0628178186448558,0.00853292696205665,1,0.00506194676088589,1.77238127463397e-06,1,0.0295846657221894,0.0665972062348654,1,0.00176443822650674,0.125022046236167,0.0782918474023373,0.00393763378285295,0.0279148686541799,5.17076056194554e-07,0.000265118566554534,0.0025607295211223,0.00588289909527728,6.84004094195778e-05,8.7375860324812e-08,0.00350757833647508,0.0292632554443297,3.45241739063695e-06,0.00167116184465455,0.00271003165470507,7.59241156100821e-06,0.00582229689371871,3.80738069072351e-07,0.0039715503147848,0.000504544390800277,0.698813167485598,0.00841228199430866,0.00251427244788083,2.41090778836384e-05,0.00961674964428338,3.59809100736186e-07,0.00115877522080554,0.0110919276532162,0.00411432771628917,1.13104284649168e-06,4.35780190168877e-05,0.109825500100049,0.00768912936670807,0.00755093387410488,0.001088609657244
"mast",0.0794972875519759,0.241419682048101,0.0446930537180164,0.00317366008631836,0.0799486737274724,0.728321529614829,0.073433066867945,0.0438122839534043,0.31450688662057,0.00329097847412774,0.0312904893840784,0.456375662124503,0.0598515624496772,0.133265255097852,0.0105440412903053,0.102617970599241,0.0850510336271879,0.0741093273777844,0.0106803135411255,0.0828238406272117,0.114748028089687,0.064920233403436,0.00457428332327092,0.3064234670299,0.137676669757337,0.150527872852824,0.508210693096258,0.058794149209344,0.0340037085981886,0.0939173688294352,0.259298537437678,0.0815013191618044,0.0625637942297332,0.273759042408611,0.0118468537863268,0.0887873728406088,0.321321451149615,0.0526542873000726,0.0561222943625783,0.147676472810961,0.0308769929489845,0.188567820926634,0.0897821418307392,0.921978525003162,0.11698506174363,0.0736517983616314,1,0.0147715857964634,0.148602900360242,1,0.0603276555733632,0.174358993441041,0.0855075509316445,0.72120175884408,0.0437943988979987,0.60544519992465,0.0137195389461175,0.885198617077295,0.0796597945613018,0.0373078643864519,0.427083968839203,1,0.00985862282429695,0.0607828384564719,0.104772019670867,0.868986358352584,0.0997981260257959,0.012852985911648,0.433240688314408,0.660422137891747,0.0575294425134771,0.0796083486441179,0.977615517147466,0.0232685583315064,0.0778203425512798,0.370795885620569,0.0685886460377287,0.0308013931336915,0.642328608466065,0.0329388747593669,0.133844281078281,0.0761346874539455,0.0713188054626652,0.0554042253261398,0.0143822264289155,0.0151068869079933,0.0621102522856485,0.0860250366787874,0.0193699082690966,0.017252039501445,0.0629909869533511,0.0838907600621752,0.00779879092880709,0.0578850138467479,0.095616980964897,0.10469706847363,0.0756967236416144,0.205634012770806,0.0665302619543,0.0428709629277999,0.827505463438533,0.151329014936865,0.074312571264723,0.0243524485036404,0.0991475153028831,0.109701959175702,0.0169561425276905,0.0984455574356418,0.108086662232325,0.285432488811824,0.0371695964885994,0.134817138633491,0.0973435527751878,0.225979460353321,0.0542555287968183
"B.naive",0.51256988414529,1,0.477714336215693,0.401138022178833,0.510308777147846,1,0.49653845083555,0.636287117816734,0.991873133088359,0.45757087965687,0.923976743159111,0.869576052872302,0.492869333176327,0.487532036591796,0.515150607894382,0.269029616685745,0.557020652480184,0.589560897354081,0.477605296177297,0.597700368326491,0.494481480889059,0.428540523951056,0.481850178901043,0.836076985813295,0.420210660331124,0.520566005142986,0.955182808414891,0.333414194984485,1,0.472926963237229,1,0.43102488595435,0.330762845856616,0.708634102428193,0.66795412245932,0.424567750163547,0.660222285574819,0.401435923017373,0.496992303541222,0.877314172762333,0.587172996879715,0.566548177636822,0.469998904443928,1,0.432472290959274,0.43434047996175,1,0.599470550862885,0.552470254488803,1,0.404808787371563,0.497876990000703,0.486928011591533,1,0.454439988303982,0.661136526816223,0.498996414917515,1,0.492502672165959,0.476571717073134,1,1,0.530814643351946,0.582758229531207,0.359283536721144,1,0.432072279090777,0.661720392337289,0.628646553388674,1,0.527179384457956,0.441280361041673,1,0.328905185977935,0.519830913931078,1,0.481527742390583,0.416130638638082,1,0.0709708942188021,0.521145790488633,0.643395590487,0.386480808092601,0.581946190063119,0.626853766085234,0.298653756585388,0.337784165651877,0.514959279902703,0.71843695154321,0.487838122953635,0.3981521378293,0.505379909181993,0.496807721618056,0.617721788684622,0.382938049785973,0.815167109366838,0.416123059196459,0.699911549503445,0.359577263561749,0.683822488149135,0.992882299785812,0.783932566392418,0.362518519566827,0.623184196904232,0.503662445335255,0.532125876474606,0.317042721181181,0.469312950195308,0.375275555280126,0.471297213438901,0.57118149385563,1,0.458031358406987,0.614049024937145,0.408887742074604
"B.memory",1,1,1,1,1,1,1,1,1,0.947283208358902,1,1,1,1,1,0.771304132354349,1,1,0.911948920677809,1,1,1,1,1,1,1,1,0.980277881027951,1,1,1,0.876321381485805,1,1,0.702802311475545,1,1,1,1,1,1,1,1,1,1,1,1,1,1,1,1,1,1,1,1,1,1,1,1,1,1,1,1,0.781456853116903,1,1,1,0.907697537395526,1,1,1,1,1,0.984710103052683,0.973152311837787,1,1,1,1,0.0141283500536971,1,1,1,1,0.836481024881609,0.999573536296501,0.831321276747934,1,1,0.852968413930848,1,1,0.574397728416047,0.850866746588788,0.962069807178241,0.679960254755991,1,1,1,1,1,1,0.887697878199324,0.744824125401432,1,1,0.977623371019412,1,1,0.992191705121705,0.535298069563288,0.942227011818877,1,1,0.964562599566434
"plasma",0.130191103252074,0.327698984147224,0.0379451585962158,0.0424643851451947,0.125309690495587,0.327306172934269,0.256291352947648,0.0489566904800927,0.382743575693024,0.0770996756641691,0.108011317104367,0.26833555127728,0.111793988720892,0.0822191512514996,0.124820886931049,0.0643345346839044,0.200474544342329,0.0500908089899488,0.171846584941305,0.191154755252897,0.0949813697525723,0.124054624312003,0.17198642351134,0.0476424984367734,0.0881454172729623,0.093832322861614,0.303839417003199,0.0624518832582546,0.205585035738733,0.0834146515489174,0.0193004446349871,0.128322962781521,0.0290722099196143,0.193570254763479,0.234530604546815,0.0681143121223315,0.29035871068969,0.0800092781407047,0.111173920839692,0.112111075325341,0.359232942279644,0.162155729073304,0.0778467261853044,1,0.102284803511963,0.0826387005925715,1,0.259735189538479,0.0917953576464643,1,0.0873817007118727,0.117571159876372,0.0660865170006784,0.911530369788873,0.0545402675162969,0.218397014998381,0.000236762360165788,0.699541640719551,0.073939087244064,0.0591658959179024,0.61407541442184,0.340333943143733,0.0152196655364853,0.125809448301302,0.0929911584154528,0.41200887075372,0.0527633629300348,0.408223627113502,0.204491145060837,0.811460232898622,0.0685188768177976,0.0761027135207071,1,0.024141473812636,0.124998667993705,1,0.0625818363698092,0.08244543435424,0.912996971216284,0.0515140671983314,0.0844168630931301,0.29929525901218,0.101114823015844,0.144507400909001,0.0985872371593763,0.00992224145212894,0.0548874549912339,0.120713866396984,0.712488790884911,0.11979515029847,0.106588591751793,0.103904803997863,0.107406907493441,0.0666763817452276,0.106434109532398,0.141921408327066,0.0718036551327381,0.263262690666257,0.0660820283988384,0.251160280340854,0.835366095998511,0.386147662117952,0.0750622148315885,0.197265920560753,0.0860706123537447,0.165509330425498,0.041837772441395,0.0819015471237643,0.126564809005272,0.153811311469222,0.0476311432062486,0.241788368376211,0.130285263156506,0.158432844911151,0.12267401826776
"T.CD4.naive",1,1,1,1,1,1,1,1,1,1,1,1,1,1,1,1,1,1,1,1,1,1,1,6.51644938054474e-06,1,1,0.790188879798076,1,1,1,1,1,1,0.481612091250077,1,1,0.609570431493183,1,1,1,1,1,1,1,1,1,1,1,1,1,1,1,1,0.962623379881842,1,1,1,0.0426528545313367,1,1,0.0139982860494614,1,1,1,1,1,1,1,1,0.665543337596949,1,1,0.894859320619383,1,1,1,1,1,0.947169451235491,1,1,1,1,1,1,1,1,1,1,1,1,1,1,1,1,1,1,1,1,1,1,1,1,1,1,1,1,1,1,1,1,1,1,1,1
"T.CD4.memory",0.62378271301396,0.822607543152195,0.435072815706268,0.430720088465232,0.539287339173752,0.875250546661865,0.701002776248042,0.497005742579859,0.992229162038605,0.343024474718929,0.837862825938324,0.806624977693825,0.423128417820181,0.658209161505054,0.413110730793247,0.337245949580361,0.441670953097428,0.525970451915508,0.423765564195609,0.64197560526334,0.530135151085722,0.373788059792919,0.508319942199066,0.308303748448622,0.516085872360897,0.469933118971313,0.330725444570846,0.320774045842829,0.712225341932103,0.43710574791297,0.32109722876099,0.449262368573254,0.401401025462854,1,0.3770906281529,0.445413585450872,0.688111762732257,0.492337082896731,0.285201619149499,0.542185706424037,0.408339474159843,0.544974432397272,0.341295657846029,1,0.522458635420129,0.35809212470037,0.96632977441127,0.265016936327302,0.51243643064204,1,0.413173288311717,0.417212415334402,0.427457835148305,1,0.491810585038333,0.461111273580896,0.202897577537591,0.504509799677654,0.414782834272096,0.467143600042525,0.61442637624411,1,0.416940257175636,0.617078542715951,0.326509138896073,1,0.44201997908203,0.378583450771745,0.570731798743685,1,0.355822496212311,0.448763240414475,1,0.270069379282356,0.349550594769263,1,0.438966766528281,0.348331239090386,1,0.0592479796969094,0.662413469794398,0.796349127854168,0.364579553091767,0.432218088072994,0.282264593088936,0.241434973370193,0.346702895456894,0.491167764980915,0.447415715641224,0.458038137282471,0.354412678437381,0.321996325058166,0.303247801559086,0.379817232952722,0.380393763850206,0.528922157663615,0.558837920846518,0.628721137341789,0.336795407994576,0.432564921070425,0.80091961026006,0.690387998526727,0.352822950014443,0.532783517411487,0.522100977485859,0.7321937416967,0.304047345178391,0.385441987811877,0.408050590629117,0.367616811660319,0.427968009433211,0.734180837267477,0.262496799535354,0.548749765665652,0.386924042342583
"T.CD8.naive",0.813463144417312,0.446966363413624,0.607789533635186,0.728008941354164,0.604802544558616,0.495499984257712,0.669080472861519,0.58588121002288,0.75608172665952,1,0.969506525548162,0.567109156083868,0.807759920311373,0.569795710171045,0.864688024771046,0.569373965799202,0.770036672841633,0.515102008875387,0.872889451042124,0.806329600447726,0.599921795480253,0.647399595246966,0.707928968934933,1,0.707775264454382,0.616600402602799,0.81523925152844,0.65797831534305,1,0.586293203424606,0.610218919410505,0.696228137035987,0.621199002592533,0.733803159543503,0.890581399399786,0.630983101161634,0.708883186351799,0.697865995854481,0.663156461747867,0.405656502818068,0.737627098823748,0.664307833357605,0.744298241595886,1,0.722996625824167,0.711021713417356,1,0.977703488998551,0.705728103632367,1,0.637200530443107,0.845743006760684,0.673573083806192,1,0.595875836253017,0.797412465538965,0.802689734591545,0.836140613046095,0.968878720143685,0.638512390052698,1,1,1,1,0.693815066237212,0.9756895552934,0.851621261919259,0.854894703523379,1,0.867049409141937,0.507576067111444,0.822236305068165,1,0.536045128603275,1,1,0.644730425221472,0.564101837457633,1,0.528677944693098,0.63233573146292,0.601338962608662,0.685901893034589,0.816399497422613,1,0.764566507871038,0.667694872188711,0.817372833564626,1,0.997435856638055,0.810601681139162,0.730122276082138,0.786737286373701,0.569407223156468,0.809807346500313,1,0.850750265903462,1,0.638854796896747,0.933690891364459,1,0.568449497332745,0.790306202929709,0.704444662355467,0.679344793160427,1,0.548167688456196,0.636412381617502,0.740236239760202,0.897688849811604,0.782292444487851,0.651181805616803,0.600648820502941,0.826129575370674,0.648299135407126
"T.CD8.memory",0.616331179053252,0.78381118543758,0.552622649416197,0.686029981565109,0.634762026001008,0.463241093322654,0.790112061077388,0.681200577563685,0.817690106252284,0.353835933331411,0.385583576317302,0.956652786315395,0.514784524861263,0.701181275985197,0.503955677112722,0.639190305698823,0.585396393903473,0.745183118834421,0.578915062027736,0.680327951178037,0.570054420024693,0.669674661858363,0.790437785288701,1,0.487706373438673,0.632470463026761,1,0.525649028281434,0.566634616192973,0.728363292175289,1,0.56825456475037,0.593046985809348,1,0.653601761543368,0.595799432760719,0.862873768441682,0.581367214311906,0.688326596270956,1,0.509886890554649,1,0.563534361362614,0.939735695972338,0.51477102941115,0.629653265857366,0.998605821157162,0.627940107233886,0.55835338679349,1,0.710751626799602,0.479836602974536,0.502877878529068,1,0.641327562447138,0.534135501862651,0.454801292673559,1,0.301998791158357,0.556834501529072,0.992919453486686,1,0.387238075189234,0.428175392461521,0.690063978231179,1,0.312165566832817,0.847854339333112,0.516512512581149,0.713115627520036,0.76171408336063,0.399819681102141,1,0.564323304347897,0.468284934222101,1,0.405475481590877,0.67488679526698,1,0.515533599065968,0.734265100038024,0.577411437968466,0.654174308898345,0.503626437191453,0.322833516651324,0.629138617913253,0.544660318931584,0.412509677256219,0.743053154500694,0.413443426874264,0.478673544774953,0.532633087506691,0.569681466593411,0.725222098494332,0.458415732048762,0.252486830273735,0.385164805732338,0.491669792060399,0.560985874853448,0.839313030034716,0.761399405132922,1,0.493795958398953,0.881707138541077,0.433013014911833,0.453710088917259,0.660474698730315,0.602294495023765,0.603497809072484,0.612459100564115,0.723932886035482,0.503407856794771,0.747379372953892,0.620171820165365,0.840863421349168
"NK",0.208902608120605,0.4831557122833,0.0418967789484466,0.0980301859444745,0.0984240746437968,1,0.142036830242948,0.0764124995042219,0.452690235250449,0.247792600953693,0.427015369799653,0.286918542477327,0.303979866815915,0.0709115946898065,0.210779865830425,0.0639247090175936,0.367726925832204,0.10554861459024,0.136388380668895,0.195409705583924,0.0515372879685287,0.153296107420165,0.192921596382631,1,0.0647335863882865,0.103403695474425,0.00100817005331821,0.102710558927669,1,0.0945260839866733,0.00175336764837164,0.161603698795474,0.0260883534695995,0.0838812049401749,0.0284490365812613,0.0582165662602305,0.107833325619718,0.0662342225337642,0.167186860712777,0.233744791705753,0.484450061728018,0.204555727223509,0.0489362403881124,0.976020158794544,0.0742981673204017,0.0884131952054852,1,0.40355028922404,0.0752696416081706,0.726359166309561,0.0971634837943989,0.0568845902338957,0.0543758913581611,1,0.0463200938906527,0.375998209809284,0.0962068327628556,1,0.0355999514394947,0.0891181269850501,1,0.0236588890668337,0.145321485702902,0.0683221089396486,0.0933151154749823,0.0340482223084795,0.0286499743587165,0.0566858929302474,0.0923376615056537,0.750701799087125,0.0977372531057241,0.0372344321635105,0.704214036701585,0.0898384507826824,0.00813514556243344,1,0.0377957959951665,0.236690317830241,0.950561074603592,0.0325663073360252,0.0706600969135613,0.276975874994193,0.139798591013237,0.230619395322071,0.0749302762438555,0.0706417209553247,0.0521167681510377,0.247745408064187,0.331581328742367,0.0822880430552546,0.105631031886065,0.111915260226582,0.0258992428431029,0.0365957364596865,0.133501971556919,0.0156113255407635,0.0462961431776785,0.110477772280662,0.0881455077601245,0.236718643232818,0.871652209969707,0.163430383066972,0.073669152451211,0.0393623202117297,0.0656573450250777,0.0440916484665359,0.0729204721237937,0.102416799169859,0.0725702758970217,0.070064430689559,0.0103872242301817,0.402339400208536,0.169162648166594,0.263124149532414,0.0630913884415303
"pDCs",0.497265552029354,0.408743873355725,0.396217227857934,0.57256015472692,0.823729560389014,0.575123840714071,0.832825840262926,0.344030907761713,0.72254686336124,0.433954453234627,0.511710223668987,0.754080550481171,0.626681935855756,0.676784499134953,0.463099385161932,0.470764508205681,0.522675547699981,0.405947891841765,0.684500958000067,0.729453467121838,0.214875988470806,0.882422527632063,0.540103877771983,0.687058768049786,0.44889444566906,0.235024741043622,0.029422585963478,0.617610764906886,1,0.454310581836417,0.0265736176686047,0.314590603724176,0.456277292087713,0.851999482019729,0.243147830553209,0.408853345459108,0.96640131692531,0.797577286306967,0.575236975449678,0.874491810715823,0.662008360116867,0.734359182102443,0.151477888541559,1,0.545508967097651,0.568773634586326,1,0.773791337042371,0.219966054223438,1,0.562622800850094,0.278442287420951,0.0982803180428495,1,0.533248022838902,0.584831448109313,0.695358538057371,1,0.127336748176581,0.46020467071089,0.98589782290235,0.0900769189377211,0.716835444644452,0.317677035129777,0.416896593285962,0.131344358061273,0.144218429423237,0.75108505566511,0.672207122864376,0.992420413981605,0.787263495659868,0.106795429063073,1,0.606725260505987,0.287507410577649,1,0.129168255337883,0.886518693414133,1,0.464615100180553,0.443567046342259,0.524258780664415,0.326992888432603,0.357869745926779,0.189438125531603,0.539689860343556,0.42971109152658,0.248468027717791,1,0.245792737314007,0.41187531546174,0.314213415695472,0.450249206371055,0.340684731608022,0.305127329540812,0.11082030906194,0.154542265096811,0.315420524240392,0.796986466364145,0.79079452100898,0.864340677020327,0.590671936538308,0.308810372268879,0.238485355931712,0.147915947896997,0.449471243561657,0.490167799027033,0.222391084388127,0.255470762138554,0.457054079991892,0.140144383485891,0.403235736951603,0.464076146162875,0.651351977966523,0.220464611296649
"mDCs",1,1,1,1,1,1,1,1,1,0.447025777698669,1,1,1,1,0.947709382717526,1,1,1,0.499798596423273,1,1,1,0.576776135325558,1,1,1,1,1,1,1,1,0.944764414147965,1,1,0.776431594028514,1,1,1,1,1,1,1,1,1,1,1,1,0.839834811488093,1,1,1,0.989204668378649,1,1,1,1,0.812731263861636,1,1,1,1,1,1,0.475775632002371,1,1,1,1,0.556721368862256,1,1,1,1,0.882055749813109,0.283173111714308,1,1,1,1,0.199995195708466,1,1,0.923774868287951,1,0.214001210756017,0.824633032130158,0.974739846888147,1,1,0.288394216777584,1,1,0.414174014297979,1,0.618842194143182,0.305672255728237,1,0.704610660963139,1,1,1,1,1,0.709499992266095,1,0.477069688006618,0.904120640124791,1,0.816426461462136,0.671810876365526,0.240681657267407,1,1,1,0.574318547750093
"monocytes.C",0.771114332977858,0.163633169768599,1,0.755430475098366,1,0.235057729440535,0.362641626094945,1,1,1,1,1,0.75599234307785,0.511063368444429,0.593205315287404,1,0.772240290770354,1,0.58595942387138,1,1,0.23822806830654,0.895864789179365,1,1,1,1,0.39517045418325,0.216661948901214,1,1,0.597227306551468,1,0.308527854283316,0.402257520973911,1,0.300333706670769,1,0.213961861532721,1,0.73058094950921,1,1,0.354837247908867,1,0.52440774172543,0.227322215683763,0.776359915633888,1,1,0.924966922405159,0.573959673038334,1,1,0.399281300124033,0.974796883868047,0.159699851437537,1,1,0.726003038159019,1,1,0.92160464410423,0.784194614755717,0.447487270321631,1,1,0.814917666825596,1,0.376924659535735,0.2240490195067,1,0.165311533527247,1,1,0.737116779642275,1,0.52954046268335,0.969959642640782,1,1,1,0.58685490065896,1,0.852606426389555,0.950881162746271,0.671872812401511,1,0.453285576450685,1,0.566086812294028,0.530272349152111,0.61152396537031,0.625077205658014,0.686833674600321,0.720512631689666,1,0.889121375584277,0.589855856318363,0.414776092793772,0.618324297559065,1,0.683536310711234,0.568643014207657,1,0.738020042500448,1,0.932309225953487,0.76576632951678,0.97636678031839,0.548813680049802,1,0.297360108562545,1,0.373331181140439
"monocytes.NC.I",0.311248187794892,1,0.572201729438226,0.0863040456794617,0.560963095245098,1,0.720347121716316,0.437407465932681,0.162526728190224,0.0697582695678698,0.661285783342425,0.145736831448802,0.735238024240501,0.777764493618269,0.10990088846862,0.323186201354208,0.295780105919411,0.406209938242686,0.147902003305192,0.417618324080153,0.618006353732806,0.65782186221917,0.0894859721842174,0.559492781470529,0.258638138721949,0.502588649817399,0.705117953872771,0.548012224556149,0.146219989744166,0.368411585898695,0.587751350861113,0.648100741446354,0.374661194551214,0.220388062616139,0.0198868278609488,0.537826089286245,0.18759003799997,0.44925471798742,0.745549467301864,0.777309683868264,0.0610687086489863,0.683191630794794,0.547236715304683,1,0.446200725186244,0.533102035775736,1,0.0604628353815899,0.566930686144022,0.797434895685527,0.357978743981941,0.159429345154698,0.548842945751479,0.880170672974625,0.393174963072297,0.203597232572683,0.162325294758055,0.966653459942795,0.487370818729981,0.453972667570469,1,1,0.226960061234824,0.0608219023896721,0.465614883346933,1,0.430614502320517,0.0207429888010759,0.0875371329595824,0.52663642519527,0.624644480215433,0.496131990650395,1,0.188406811664377,0.132745860046155,1,0.506218904505223,0.521203945360716,0.965765266883597,0.604857932472355,0.580711361779803,0.364994661495974,0.469964794516706,0.273374216856939,0.032601222525966,0.116751605815727,0.440386127959891,0.41708192717402,0.0553555946877005,0.0737768693885426,0.460024813073005,0.493224621565805,0.166555078813215,0.135847884252131,0.39098270993462,0.00778771612156448,0.536391058359827,0.0496816825310114,0.527124740723185,0.182643550306582,1,0.512386077584432,0.321814234646132,0.0188872492740959,0.362668356744768,0.0518560230338574,0.163097806104065,0.455081367492257,0.484558279163366,0.163616059564331,0.142229534904565,0.630691758886132,0.687765483324214,0.334262633108025,0.213948087645479
"neutrophils",0.0575904407151389,0.372362688759211,0.0242871383023462,0.0811128296420411,0.128538495688303,0.227626524919735,0.145491306228046,0.0409442330732057,0.273877411998693,0.124708424729613,0.213826417170425,0.0358409261676442,0.0744815947565221,0.0853961960207523,0.0920968400650435,0.0203415362580555,0.0610712871896455,0.0488023010082259,0.188536296915407,0.314794778590489,0.0384057066650398,0.0701319625479593,0.144188837509859,0.486177581619154,0.0484132040142202,0.0392318106544409,0.0160923072445307,0.0193792093971576,0.498332606067532,0.0386652399730889,0.0234184285965093,0.0247998975469734,0.0150568649801237,0.322498753895036,0.0860642470144402,0.0267148511274695,0.453957355882849,0.0319593967287239,0.0587360733718192,0.0175938057259712,0.277017987136725,0.000385707357895448,0.0244778763742497,1,0.0347726141047486,0.0294734551029063,1,0.149586314127736,0.0597985466298256,0.547522577220609,0.0441694994788095,0.120472833186444,0.0239740141613298,0.638627162063328,0.0598562556821474,0.24188981373363,0.0305692031571114,1,0.0379738741917004,0.0289960412545502,1,0.148713971728603,0.0913511254416397,0.274229000207965,0.0268735404418017,0.220998764053176,0.0238325122431,0.103856250336793,0.25133095256895,0.742368694669165,0.118748161861394,0.0299691512247771,1,0.0548620053634976,0.204741169459401,0.507924409115941,0.023823655889978,0.126691607817117,0.110752895891822,0.0448855018389023,0.0596575135476578,0.153809104781569,0.0341844096524746,0.111763398333911,0.0596833971281052,0.096323616242652,0.0109496993577776,0.0482803002301107,0.495106472482085,0.200230167786628,0.0277530764448342,0.0746983711372149,0.00241125858595059,0.0747464573590317,0.0320180498670004,0.137530914967946,0.0395682171216183,0.404276386634555,0.0292734384394109,0.27530782775714,0.107027581895743,0.253137673060482,0.0110063477979965,0.04684179902032,0.0425435490364188,0.415283418949246,0.0310609653110725,0.0517793992268927,0.00916775425947369,0.123025815020664,0.00160660424429881,0.0919562683571193,0.0425713834080048,0.153223591628888,0.00752199230387163
"Treg",0.242498865923991,0.656321924362826,0.478136656629909,0.429408858536986,0.719442169343508,0.793913373013263,0.440759066767524,0.457433045860232,0.575034703993479,0.296169112677986,0.798019211890195,0.714937195928786,0.482738362417756,0.372872066593418,0.274951502813709,0.292746217584943,0.530886566295403,0.543131503781,0.376309354626641,0.904645943206238,0.376294516251313,0.343691382544169,0.415860544148406,1,0.314009018830692,0.421221144222867,0.596446994395272,0.303103478856696,0.520097839409121,0.396896623158798,0.617153868893312,0.292140519576589,0.285388969864182,0.508530290600039,0.160879166283286,0.473244532582685,0.813833895843153,0.309410644493886,0.561398680370575,0.970860735346165,0.335289021038644,0.753912251344664,0.409464462407893,0.884165213291404,0.37575536143286,0.386587406791604,0.822453203326247,0.372967481609768,0.356424932221488,1,0.445306643934495,0.23660665343471,0.362184074857002,1,0.530123047726112,0.6503360864804,0.439067052922671,1,0.394029704464645,0.510552866097756,1,0.549204596255514,0.4711102360792,0.159029209697312,0.312978074100144,0.524397341791259,0.290635928315983,0.19312541617078,0.195527622482753,1,0.5707437539386,0.263446262731652,1,0.30464659667167,0.158076709833349,1,0.344250681991017,0.603772463845158,1,0.252431878925618,0.388736368309182,0.527177852351442,0.464173699366618,0.458087781999875,0.260298861617213,0.272942378470346,0.290162337836912,0.405433405614908,0.471737913194824,0.154929711786346,0.352776191933236,0.442909490203856,0.10739492934736,0.255381364719359,0.401319830070964,0.0662421167157823,0.275717137453597,0.251887266950527,0.410710478291488,0.412427933208467,1,0.406182976977269,0.274562896674467,0.0985757837390584,0.329367161191005,0.206144581129686,0.346857895787825,0.499856084957984,0.293890440278088,0.383016523298066,0.0605635207302373,0.535530993388294,0.376480010347477,0.572880500909032,0.148192169113711
"endothelial.cells",7.98898021843186e-05,0.000668682802063891,0.000804511084296688,8.36712959384478e-06,0.00178015946854404,0.0251356236661375,3.27165644438132e-05,0.000367968367781746,0.000659993189572994,2.09338485122057e-05,0.000578240420148868,0.00077369340530975,3.54000994713388e-05,0.00032829109635002,2.77025926891383e-05,0.00080061512969154,1.10451606998296e-05,0.00144158782898707,5.2107145172009e-06,0.00123140425196366,2.00796664602265e-05,3.8280754449449e-05,9.74970669487263e-06,0.118845017678352,5.00001065006916e-05,2.08785661153232e-05,0.0210576001740432,7.84649848206698e-07,4.61883864488755e-11,0.00148300107343502,0.0421460912294385,4.07478659525395e-06,0.00013213343733165,0.000456936877343495,7.21566557615461e-07,6.71018746061236e-05,0.00804029442456056,0.000479112938142734,1.11776616917858e-05,1.71004780202821e-06,1.83929893537993e-09,1.67181668508931e-07,2.09276758589283e-06,0.0154083400534339,0.00223909347897844,2.12085870643364e-06,0.158948118905722,1.05692949947667e-08,1.55429149648612e-05,0.62236421174151,2.57791855373668e-06,0.000302383509262594,7.58536386147313e-07,0.569277509392102,3.39668227937739e-05,5.99120815181209e-08,2.25674829401612e-06,1,4.47984133344903e-07,0.000101685763102655,0.900459642751508,0.556473143733085,3.61788092817505e-08,1.55774369181572e-06,1.29599907472411e-06,0.759735812115094,4.26200694514378e-07,6.68388558722199e-07,0.00017287509985775,0.342190239709534,0.000542621676142829,2.8374155380817e-07,0.901286888586948,2.01614778894132e-06,1.50896583357429e-05,0.00318647553323359,1.50968266621199e-06,0.000422756009829328,0.00382526680171114,5.1813320243177e-06,0.00194116019167478,0.0249511178034447,4.95635067887523e-05,0.00404162283382092,7.13691414966355e-06,3.38626190814484e-05,4.72739659862498e-07,0.000228066444698749,1.09215965160558e-08,1.35137057981627e-05,2.1917641914726e-06,2.1258503410948e-06,2.12050734660352e-06,5.56586189448538e-06,1.01110608619059e-06,8.69536220360345e-07,1.05864754340601e-06,4.62816675206312e-07,4.31294748981514e-06,7.83632686651714e-06,0.344620390202238,0.0121555141624639,3.43656908041723e-07,8.27559176741488e-08,1.39013030864277e-06,9.12591623603021e-07,1.15302737979661e-05,1.89620861901219e-06,7.64642656747583e-07,1.56635881576328e-06,3.06695211449437e-08,0.017983844953904,2.73387994909058e-06,0.0139149956868276,1.18995642672814e-07
"fibroblasts",7.96001398200019e-05,0.000154020743760475,0.0861836623978207,1.58563475238793e-07,0.043428139928789,6.47679423071423e-06,0.000385229003434961,0.12850322616963,0.365344105344214,5.77189185335669e-10,0.0918075865720303,0.187951421704448,9.67632814163899e-05,0.121299561473575,7.51758655326284e-11,0.00023753211229538,1.39752875791821e-05,0.0779181484259888,2.09345873969369e-11,0.0359760701524969,0.0429338053807515,0.000120321152296654,1.54623513992647e-09,0.499216178847212,6.07182126715067e-05,0.0325358181595083,0.365506798642812,0.00578091346933984,5.65934854535044e-10,0.000753474933818499,0.226032030332793,0.000212635617326429,4.10854740970912e-05,0.23746634205581,4.63895588609375e-12,0.0887519229541998,0.257163454305969,0.00470581848572849,0.002304248553614,0.114046194966249,1.65907731997095e-09,0.125047824907631,0.0248445366754084,0.086074220080139,0.000277866762715018,0.00757343402086708,0.0991497969615611,2.28755681064285e-10,0.0229597344813859,0.695993499488669,0.0152400276416129,4.8135868224719e-07,0.0187294126561532,0.363688882237121,0.0663144085779015,1.39578371127769e-06,0.000404387332441747,0.965857481784607,0.0150372459849977,0.0502622958524328,0.973376882416349,0.764141029640967,0.00473055298786917,7.51140705190778e-09,0.00055009616859536,0.876772089144051,0.0105470139631572,1.48037138103518e-12,1.53140719216793e-07,0.333399540672434,0.0356824129092013,0.0108511833317966,0.183767115113161,6.9804686631203e-05,4.25673301052143e-08,0.666118427710206,0.0892591450139781,0.033015318461437,0.926780883427341,0.00102614612549257,0.155089893329379,0.106337451456397,0.000198226858733497,0.048665881695781,8.2688389468899e-10,5.18838032872448e-05,0.0130123533620692,0.00546784577208248,1.98552418950726e-09,2.42166138031408e-07,0.0003809639288892,0.00538676549968242,8.09326383688358e-10,1.93087010824655e-08,0.000439157454785732,1.09305897666445e-10,0.0244687838675128,6.56192507886288e-07,0.00910008897768755,1.40798261938357e-10,0.0868953341823706,2.63313230774997e-07,0.0012265665779625,7.63962226812964e-11,0.011269074372142,4.58267424008341e-08,6.73646862781041e-06,0.0135283039955985,0.00169672751868388,3.18783554664748e-07,2.29927874517699e-08,0.0154047790720582,0.00299841936592893,4.40284430647253e-06,4.83883400015372e-09
