"","cor w cell mixing","residual SD from cell mixing"
"ALDOC",0.914703103704946,0.294049577255655
"SMAP1",0.839472713380641,0.266317750628023
"ITGA5",0.38950939027159,0.667909633142702
"CDK1",0.649036523389743,0.481050609265949
"LGR5",0.83895512307494,0.275525111717458
"LY86",0.967292531273282,0.266136111202123
"DDIT3",0.56944541545267,0.418452521152862
"IL4",0.775650569195657,0.392081820003012
"CD36",0.8767047820847,0.25162174473247
"CD200",0.903192535008952,0.291104331505887
"MNAT1",0.815697139444866,0.259541261927723
"PLA2G1B",0.859438176134362,0.284397657146846
"BMP7",0.862808356285127,0.273449061543118
"RRAD",0.76533515197423,0.437993953581172
"MRE11",0.861661181516438,0.241518094680842
"NTF3",0.881944011655707,0.26630398185488
"PLA2G4A",0.829824480895071,0.294234163640527
"IFNGR1",0.991303309951927,0.210078168098686
"NDUFA1",0.781482369601801,0.423836133937692
"ULBP2",0.783330285159665,0.343358029834609
"ZBTB16",0.90696076021496,0.301907190211536
"MAGEB2",0.820949349842408,0.33507141395341
"PKMYT1",0.806400190152105,0.342873807846832
"DNMT3A",0.933144992991665,0.198240452226221
"TLR7",0.910958697395029,0.31613400284492
"CACNA2D1",0.770029733522375,0.344754721342143
"THY1",0.813048113375924,0.382888777288247
"CD247",0.985124703052583,0.233121347887007
"GRIA3",0.728303857243301,0.327546018456553
"KIF2C",0.804152238610231,0.366077375411444
"CD34",0.960983123621864,0.235066330990498
"ROCK1",0.91394254321723,0.224372030880614
"LAMP2",0.788835903224457,0.259838348456732
"RORC",0.88087165612334,0.249485228876982
"CNTFR",0.824935873163784,0.300351692152607
"ADAM12",0.882179746014719,0.28220428514441
"ICOSLG",0.931131788951601,0.313071793479537
"CCND3",0.978160356228327,0.29078426396561
"MPO",0.835788933674583,0.270475908398531
"COL4A4",0.926690591170284,0.280933210571665
"FUBP1",0.919889978106239,0.222152751097473
"COMP",0.831817451154559,0.284299798321054
"RPA3",0.818729203408103,0.26923696873951
"EGF",0.828655527079747,0.304035831111805
"TMEM140",0.85732436397857,0.251093074021804
"TYMP",0.995108405040514,0.283888944548689
"TNFSF14",0.872376534245327,0.285143695422472
"IFNG",0.806174299359743,0.312769942989993
"BATF",0.966095699123402,0.247968565333073
"TNC",0.836937085344263,0.421155824078904
"MBL2",0.869014975089837,0.249404530374888
"TRAC",0.996575717449792,0.263328169543704
"HLA-DRB4",0.995146418364254,0.347002850892634
"HDAC5",0.907370032938163,0.234255626196123
"COL5A1",0.692986070714973,0.493578706823345
"FAP",0.70032652723612,0.41275313140201
"FGF14",0.827787364147523,0.289075837121654
"SIGIRR",0.953861746424517,0.276462374388785
"ICAM2",0.942987660926087,0.241145252194081
"CXCL3",0.530565820879303,0.476081460808387
"KRT6A/B/C",0.870958213921601,0.266113599576985
"MASP2",0.851986215408377,0.266430788569163
"F12",0.832734213957369,0.263559966867663
"TIE1",0.691074979333757,0.405205315416915
"SETBP1",0.951845023144021,0.237405430137626
"BST1",0.87244440665224,0.263700413353759
"CD164",0.893396635226446,0.275610646604927
"LAMA5",0.847082415120058,0.294852159332845
"FGF3",0.810901827208111,0.328988685557118
"IL13RA2",0.6701849845908,0.406061106491356
"IRF5",0.689094251973209,0.414049120093748
"ATOX1",0.824015980718714,0.310093384956813
"MAP2K2",0.811954357501661,0.283856346559616
"CD7",0.966523460590778,0.289549985471054
"PLA2G5",0.86036219050774,0.313516571464765
"CSF3",0.479969930973838,0.489767203127633
"CDH1",0.95308334840269,0.249438766104104
"LGALS3",0.736417571271993,0.333058844167532
"C3",0.99932878682432,0.301464871974651
"IL1A",0.83233170720899,0.310486651772193
"RFC3",0.836423376585472,0.256755083718563
"MAD2L2",0.785779444361545,0.308965349893684
"GDF6",0.822273765576489,0.319305768926721
"LEF1",0.94943342243774,0.251072672677004
"CASP3",0.930777519178513,0.258604385217396
"SHC2",0.8410994933691,0.314251286132196
"HLA-DRA",0.990482920081284,0.23679659673227
"CENPF",0.802580410787669,0.380121823890274
"WNT11",0.82917640944658,0.265163743640721
"CACNA1D",0.653475641681783,0.384367167859682
"DUOX1",0.873447172138474,0.251365305475278
"LEFTY2",0.837551302336734,0.320883524650973
"MAGEA3",0.820194945125895,0.263442231772228
"TUBB",0.769490049314915,0.449243350409343
"CXCL6",0.824573649983845,0.30009187651441
"TTPA",0.851030038098969,0.297742821341953
"KDM6A",0.876407664704445,0.264763716995002
"MUC1",0.833240002131333,0.255566835660043
"JAK3",0.995851995241963,0.218730350143516
"SNAI1",0.861733845616044,0.26729488396922
"PDGFRB",0.887962341181007,0.379793803635654
"MEFV",0.820765436662918,0.326521130181371
"NR4A3",0.858094351558419,0.274118322661726
"MAPK3",0.884301424482076,0.22303049691435
"CXCL12",0.964587433749578,0.259387731758174
"NECTIN2",0.80135967216526,0.269442905682855
"RBP4",0.866963178055931,0.268938808962349
"C6",0.872228034796955,0.267835374809055
"LTB",0.987050964346476,0.261987887971933
"NASP",0.826607828839928,0.417993454676753
"IGFBP3",0.66518661405042,0.815068376792451
"TGFB1",0.841759998627347,0.321978565640853
"RB1",0.951154024734825,0.223585693360914
"RAB7A",0.844412045497772,0.274739677902173
"BBS1",0.86702600537199,0.235073038817783
"ISG15",0.60036820831491,0.511561910075271
"CAMP",0.765957310030092,0.325042907755622
"NAT1",0.877176096975975,0.274699528131953
"ELK1",0.872018393758565,0.247266721390972
"RBL2",0.97749546491676,0.154456591573719
"F2RL1",0.658563821732282,0.429016223129565
"SLAMF7",0.990914934161556,0.30602881808546
"IL18R1",0.933844606098093,0.252473016180918
"TNFRSF13C",0.99739549036516,0.297673904564466
"PTCD2",0.859749050352006,0.280235996160776
"FGF1",0.858480178269245,0.288939067590666
"CDC25C",0.767215307154572,0.306943585359354
"IL32",0.787208393238048,0.465712223679116
"CDC14A",0.89615607687234,0.225665219374091
"HDAC3",0.842082308115703,0.263705371512583
"CACNB3",0.720418180541775,0.281257547035212
"ERO1A",0.328708371276736,0.657553967002963
"SELE",0.902173641656638,0.294936862497152
"NUF2",0.862481525225359,0.245899871929509
"SF3B1",0.934872734639945,0.220526040298092
"WNT6",0.873094955709801,0.293799285826484
"HLA-A",0.981616360751789,0.308408813408
"SH2D1B",0.880884966450539,0.281615402489585
"PDGFB",0.807520286374397,0.361542157142166
"SAA1",0.809385753305209,0.308033767181433
"OTOA",0.821478135200419,0.312297444154069
"AXIN2",0.831882271615655,0.282369939766311
"APOC3",0.855439843744183,0.246300277316555
"NPM1",0.754612985616227,0.302615330404477
"LILRA4",0.937278755133991,0.361727939153664
"APH1B",0.856663784750025,0.237804283301123
"HLA-B",0.996989760832928,0.365460559726982
"PYCR3",0.840760844714708,0.296917929181617
"STK11",0.849221970848364,0.24036266059688
"ADH4",0.819162558629579,0.317208975348277
"STMN1",0.782756596480613,0.452685036846501
"PBX3",0.778417994582944,0.28483467797227
"GRB7",0.800483146270768,0.30055258710769
"IL12RB2",0.79166927039535,0.329483473349255
"ETV1",0.826498460412696,0.303470604211128
"IRGM",0.894868211976989,0.263174715057238
"KRT1",0.815878076779353,0.285973270526564
"KLRG1",0.960021412690989,0.21873237820022
"IKBKG",0.816362748847564,0.320882265264352
"MCL1",0.901854701580845,0.30671523094598
"ATP2A2",0.827250600468554,0.28464425525367
"RASA4",0.9385320313336,0.259159699037709
"CXCL11",0.833754416800642,0.300334500185029
"HDAC10",0.903295793140104,0.222188705617691
"IL1RL2",0.83713544854893,0.272337489777206
"PRLR",0.818059091751793,0.328065366381225
"MCM5",0.911980168306952,0.418042235784965
"DTX1",0.937183300727137,0.312429091800609
"SOX9",0.713717969950419,0.38541081679345
"TSPAN7",0.961605699817781,0.257481314241153
"CASP8",0.979849471499038,0.230998987517924
"STAT2",0.909689865523752,0.215808247695212
"MS4A4A",0.910769329697582,0.263547446815959
"TBX21",0.879368666400855,0.272795397489792
"FOLH1B",0.798871504545808,0.288365253265353
"TNFRSF9",0.873948253403656,0.315849880309347
"SRSF2",0.800608773364105,0.306386375291341
"TNKS",0.907901464849944,0.233762563901094
"FOXP3",0.88017502902739,0.330471936677186
"BLM",0.874634695515,0.267900046770386
"GIMAP4",0.988934575184767,0.254548299158422
"MPL",0.822292631147322,0.286770493112636
"NDUFS8",0.813642247261568,0.427397982042502
"TCF7L1",0.884924823943843,0.261372480474724
"CLU",0.985321256514774,0.322152998290821
"IL18RAP",0.895417425888257,0.291312395842547
"SOX17",0.88410229401618,0.28318170255755
"SBNO2",0.925772703942903,0.228122393452784
"TNFSF9",0.805422809597408,0.323032299411788
"RASAL1",0.839948914104274,0.300427687053861
"RAC3",0.925848445800383,0.217922092968146
"BCOR",0.904218543982669,0.234717090246825
"IL13",0.818533446994378,0.302475463025229
"RYBP",0.869991849509336,0.260127148629031
"IL17F",0.812409106211795,0.332775065295218
"STAT5B",0.975612575998274,0.233810657012097
"ABL1",0.740815893810486,0.331338750449415
"PIM1",0.862243549377491,0.306171054710559
"TRIM21",0.890239732592712,0.22753222589181
"ANGPTL4",0.0309049510539114,1.34435993254557
"CCL1",0.866755893514946,0.283862514837865
"ADH1A",0.961303818819047,0.274054519542905
"CXCR3",0.853194912463058,0.292342190986004
"IHH",0.842240270660715,0.303261528123594
"WIF1",0.811796871608498,0.308118332190406
"PBRM1",0.802999196158765,0.317553996155913
"DEPTOR",0.846162451091453,0.279250982858068
"IFIT3",0.689297849097976,0.406656840569418
"ESR2",0.833155331649272,0.262728441339372
"ATG7",0.891009039604996,0.284749981031498
"DDIT4",0.528389427059503,0.757218845456237
"SPRY2",0.63831211250917,0.380203673763779
"CD8B",0.955250272434284,0.225455359740468
"RET",0.874997212001164,0.272208828217814
"HLA-DQB1",0.996808072891495,0.195884758511928
"OAS1",0.845381484727904,0.309793292834843
"FN1",0.616178834459183,0.931458333001935
"FGF7",0.969415347303787,0.234434528704096
"DNAJC14",0.860268178240101,0.2422498198656
"POLR1B",0.859519779109574,0.259787924581265
"PTTG1",0.808434144537936,0.287068335437728
"SERPINA1",0.958647843788388,0.295843830022646
"FGFR2",0.890818573370516,0.280306770340953
"NDUFA2",0.852878574771339,0.255596457738305
"EFNA3",0.85355896210113,0.252357192327739
"ACTR3B",0.797184617072523,0.267666594420762
"GRIN2B",0.861742910860419,0.287953892486181
"BLNK",0.992265673485436,0.24847868810185
"FCAR",0.810971420316192,0.324589872772476
"FCER1G",0.980781979436384,0.215981021311579
"MAP2K4",0.892135720970365,0.234768398055952
"C5AR1",0.863428786092232,0.295341185335815
"NEIL1",0.930971562551644,0.277993781919971
"TP53",0.752093102359984,0.384118939798356
"PC",0.858589685030439,0.257269082935739
"COX4I1",0.794745395947001,0.287625274899428
"PMEL",0.844186164638101,0.307375598744299
"SREBF1",0.879752056259949,0.231532086538643
"CD1A",0.8848226608528,0.281531618379521
"CCR3",0.816450974891646,0.300785600804924
"IL33",0.985200412447488,0.230337030025621
"RSAD2",0.887750259195636,0.243980600489496
"TNFSF10",0.926886013956529,0.264686750279678
"KRT14",0.924190347035147,0.234549816811915
"IL2RB",0.98086420137276,0.275049231349447
"ITGA4",0.95550108929076,0.24002052338773
"MTF2",0.858082361731834,0.249419467084268
"ESR1",0.845817069763657,0.266068170018122
"TAL1",0.864977087889041,0.312426074191752
"CD38",0.957345596133699,0.260873028983771
"HLA-E",0.995068159410608,0.21500853864578
"NOG",0.719483835130195,0.376538761384749
"MFGE8",0.829983890995439,0.249237053336831
"PARP4",0.927261722059823,0.21035985092453
"MBNL3",0.885035628144874,0.273905911131719
"TNFRSF10B",0.770137007067894,0.268704058206346
"TYMS",0.723284215032386,0.561726769026078
"SPINK1",0.816543247429759,0.324382878536107
"CXCR2",0.796126756424622,0.311736814548903
"MPPED1",0.851206825238208,0.318989440999268
"FGF19",0.810273288859466,0.313576893534457
"CCL25",0.782174785823523,0.311526835702669
"TPSB2",0.974064445609755,0.278522167933565
"TBC1D10B",0.85803696008687,0.238891455096529
"EFNA2",0.813770724761123,0.3093649015918
"NTHL1",0.848107234118101,0.295308776199405
"JAM3",0.855224155603269,0.235824729584561
"LEPR",0.880266378131781,0.265576643624116
"PBK",0.84929412008474,0.256277754666155
"TLR10",0.985050536314278,0.268570508275364
"FGF16",0.722181638480072,0.31301103864028
"STAT6",0.898423652783047,0.225916985850383
"PTPN5",0.871780783650296,0.271686781362727
"PIAS4",0.829601831510523,0.269271305069568
"MAPK1",0.878675987109181,0.237474838904951
"BNIP3",0.384019859167304,0.580362331111209
"TTK",0.777782771412892,0.321833344121761
"FZD9",0.84132419985117,0.285190146503296
"CD1D",0.859796215868032,0.298020833305085
"OASL",0.820853972582442,0.286135548061319
"MCM2",0.805875368820953,0.391328242123723
"EPM2AIP1",0.893844356811837,0.269049540092675
"IL12A",0.869650523222124,0.30562486751475
"CD300A",0.892129553048624,0.268455527992142
"AR",0.779084635785106,0.349023823465273
"PGPEP1",0.871248534252502,0.213701399974817
"CDH3",0.877434165523111,0.276050660640382
"IL20RA",0.836145919846724,0.299837736114183
"STC1",0.143960654953707,0.891771948724079
"BRD3",0.862437404220657,0.233849783609239
"ACSF3",0.953028940371701,0.20341861464076
"SRP54",0.862032024535463,0.245215409206208
"PCK1",0.807804466750944,0.271106081827772
"IL2RG",0.995041277840524,0.222552719716026
"BRCA2",0.903732079591845,0.21311340861447
"CLEC4A",0.878428998780583,0.290668356388848
"ICOS",0.939214246536386,0.303598325858278
"ECSIT",0.843003822644226,0.248550142171053
"SETD2",0.83878860551243,0.325296092918807
"LCK",0.984965505086428,0.250889870883783
"CACNG6",0.859120230056126,0.270797224786418
"FOXL2",0.757992487265885,0.314791831366118
"PYCR2",0.954445146550238,0.231649955517609
"HLA-DRB5",0.789558504414811,0.365571727886791
"CCL17",0.848076534673184,0.359084238156684
"CCR1",0.900447677328791,0.295403245087006
"CCR7",0.992312835480347,0.238421198021342
"PHGDH",0.71878569473317,0.469750758937727
"IGLL1",0.974729598683829,0.306470851618703
"IFNAR1",0.920267231984032,0.224599939054313
"GNAQ",0.842509447367452,0.237481479503959
"AURKA",0.789689398469121,0.338345458997803
"CCNE2",0.835711352873088,0.283303404673893
"CD83",0.993853594480367,0.245674471793088
"PLA2G4C",0.941012858377945,0.273775180983007
"TERT",0.860207492364046,0.288949721901358
"C7",0.965311697005645,0.289824652852909
"NFKB2",0.84509211490816,0.332374841564347
"WNT7A",0.835904671369959,0.282801068279217
"HLA-F",0.998179382924176,0.212319433671138
"TGFB2",0.838229877945174,0.285011144024213
"MMP3",0.848270783689445,0.28784122480702
"TBP",0.905989576357875,0.232924993921748
"REN",0.862973605858949,0.260357566722751
"CCR2",0.84599930504014,0.288673241249006
"GPX1",0.672146150867116,0.555327285179822
"ACOT12",0.832960902093615,0.317423819305204
"TRAF1",0.866080709609962,0.395380010494004
"ALKBH3",0.839394447778973,0.267795226156406
"WNT3",0.856938966697023,0.260628303826352
"TNFSF13",0.852027778240234,0.238316559336602
"MGMT",0.961573668429337,0.266471561425759
"ANP32B",0.755934505106088,0.360986683200636
"DDB2",0.845018505265389,0.302084396025166
"APOB",0.834709981897993,0.296017115728841
"ZC3H12A",0.89830129516338,0.282439646776053
"TNFRSF10A",0.961829850972183,0.235537076305352
"EGR2",0.91425418565482,0.287880869287073
"CX3CR1",0.887887378536494,0.229867158918194
"NOTCH3",0.949293934392812,0.266867652225071
"LEP",0.691376605471782,0.30640468268554
"CYP4A11",0.88623856183069,0.242080985548609
"LRRC32",0.872179949915112,0.284357495024374
"NOTCH2",0.889314646591836,0.224881721921471
"MICA",0.82405458575866,0.367852250075406
"CCR4",0.943012985414251,0.234072815791801
"BCL2",0.977138622630314,0.215311044193349
"PTGS2",0.305603179586734,0.716607618248339
"XRCC4",0.856800081178064,0.263070873297083
"CCR9",0.819438437667412,0.301231543578014
"ITGB3",0.633296971713393,0.47508690635488
"MX1",0.948502505204769,0.336493556852676
"FGF12",0.833186549781517,0.267769240954863
"CES3",0.804169529574371,0.278403977566631
"CACNA2D2",0.775750832692549,0.321165085983985
"TNFSF8",0.883422399695582,0.259122711056309
"PMS2",0.811638564208481,0.247360655436965
"P4HA1",0.498173524601191,0.563687041224925
"CD274",0.764774809925608,0.329686993172396
"RELN",0.760063444469178,0.323318278005823
"GNG12",0.812008478401135,0.398485158045751
"FUT4",0.875520476126784,0.242697955858975
"BRAF",0.835231321493478,0.249938725935908
"BRD2",0.919477718707823,0.200610946273558
"TPI1",0.714476855607627,0.344370763203949
"ALCAM",0.779543504471011,0.338323842583273
"HSPA2",0.838833082745166,0.286254558099197
"PRKCB",0.98365212404929,0.278462346929238
"RPS6",0.856909324522988,0.273116978508791
"STAT3",0.978698833274056,0.172798618139609
"LFNG",0.96106665591905,0.244974569595229
"KRT17",0.834410794448303,0.319393440527515
"CCL3L1",0.827713134374297,0.319988743563674
"HDAC1",0.921918696663911,0.291340601932992
"MSR1",0.759745275560092,0.366718823854654
"PPP2R2B",0.877772846594979,0.289558658381809
"RIN1",0.804716422951191,0.275208137719828
"PRKAR2A",0.696041844168567,0.43499804160164
"ARNT",0.949664947438229,0.216392722410083
"SOX2",0.811075311132516,0.302521744723626
"MAP3K14",0.951141627664621,0.200870551721754
"PARP12",0.873759332864907,0.254726039356763
"SOX11",0.860071843360346,0.262265313163345
"SMARCB1",0.862944758931317,0.30181203105935
"ICAM3",0.985552325429668,0.182297657368917
"LILRA3",0.967302342613264,0.424572708969041
"PBX1",0.898323980176731,0.268250331713322
"CD40",0.974836512445702,0.241785174038411
"NFATC2",0.945609876207621,0.286165938962677
"TNFRSF12A",0.779856715143013,0.472359282057541
"BMP4",0.787593278335314,0.333758199371185
"IRF4",0.992726298839766,0.242008997469204
"CD3EAP",0.804114017414959,0.266312324146315
"ITGB8",0.719425076642017,0.319798206953484
"ATG16L1",0.892693874100643,0.237230340890583
"FADD",0.83210333895925,0.265502858939405
"PIK3R3",0.883459071724672,0.260976960672563
"ENG",0.771601024583922,0.336991917804942
"XCL1",0.852685421518873,0.302407453275816
"PDPN",0.806911967134169,0.371099703760001
"BST2",0.949826889470697,0.283648778204496
"GLI3",0.82138211305294,0.265118589506108
"AFDN",0.833820483449504,0.275314269773087
"IFNA2",0.846112281864728,0.426649799990276
"CD84",0.982386608801931,0.265831832939529
"IL1B",0.946867669151964,0.292187665784713
"PRKCE",0.878559384657557,0.228752815425312
"SMC1A",0.885713022683125,0.293783648747275
"PPP3CB",0.743080701486627,0.420566845353699
"CLEC4C",0.881003527053283,0.306554312280471
"CDH5",0.94362414317665,0.240761253887425
"E2F5",0.906218960907325,0.273004587830857
"CCND2",0.898473541132132,0.312407588403
"CREB3L1",0.780964896594219,0.298410302111644
"CD5",0.986102311247934,0.236968499663272
"API5",0.871629600550053,0.267239149372994
"RPS6KA5",0.797657133802029,0.30481667238014
"PF4",0.842348831435075,0.296502247138675
"ASXL1",0.925941839968057,0.227390024046984
"MMRN2",0.920983240484273,0.267115873561952
"TMUB2",0.913514529503151,0.240272526196366
"NPM2",0.844608083481103,0.269972215491467
"DDX43",0.843338604965972,0.282579946551316
"ATF2",0.925758638957906,0.199299770836124
"CBL",0.883989882534828,0.217080654570879
"SOS2",0.895349004044379,0.236269477012762
"ARNT2",0.864128294294014,0.254179715456632
"TCF7",0.992847380565958,0.253753283078972
"SIGLEC1",0.903636453089648,0.259611276010036
"RPL23",0.822254701864982,0.265213114198537
"IL19",0.879277653228866,0.273484000757787
"NKG7",0.972446749354489,0.232830236575201
"SLC1A5",0.802236572125216,0.411823635033006
"MMP11",0.403813972661192,0.589253651855195
"TNFRSF14",0.981097792380783,0.191172406001541
"HDAC2",0.743184303270469,0.405584509770634
"AICDA",0.927916560406118,0.312628874933266
"ENO1",0.406294729726574,0.606852775983124
"LTBP1",0.505285558672383,0.623605168492322
"GZMM",0.90811596283009,0.271399767510884
"SPO11",0.758518617484152,0.320556018618794
"NID2",0.864150558915101,0.27929538252452
"TXK",0.961072675806448,0.239936754964253
"TBXAS1",0.90130270579283,0.283470770701117
"HK1",0.60278572419928,0.40657607665026
"EP300",0.961210957173149,0.210398563687275
"TNFRSF8",0.877091701609565,0.24550061530767
"PSMD7",0.790058212713249,0.358940915126118
"LILRA1",0.80881483635906,0.284774518831793
"IFI35",0.937022398851605,0.252003690847262
"LAMB4",0.783765731525357,0.280977283482027
"CLEC7A",0.942426575848507,0.239991647645606
"BMP6",0.938917844950508,0.281723317576499
"FOXM1",0.771678575115659,0.403125707609834
"HLA-DOA",0.996074558062523,0.250276682662624
"SERPINB2",0.690782550663769,0.336629314993136
"TICAM2",0.912747744837999,0.233730650062688
"PLA2G10",0.821294113127147,0.293166122204155
"PML",0.807685901193079,0.270767060799768
"SH2B2",0.935989434573635,0.251217293237233
"GOT2",0.768236384678696,0.443047243470492
"IL23A",0.809351298308226,0.294259079140147
"CCNE1",0.859572224815325,0.260835902594257
"HSPA6",0.784116391679936,0.519506927265172
"TREM1",0.749896546954133,0.355688060832126
"SFRP1",0.657276119469119,0.621055309429846
"FZD4",0.892169809945959,0.215402381865821
"IL1RAP",0.595324849442488,0.461470675642887
"NDUFB10",0.80168248707932,0.393578041212523
"EFNA1",0.849683067341056,0.262871430578943
"LRRN3",0.869865521262778,0.287734463889822
"LAMC2",0.92652126959321,0.258964560789851
"A2M",0.993436205922066,0.255272874824632
"FANCL",0.894183945118914,0.272180889609013
"AKT3",0.930219450727339,0.230325240806998
"GRIN1",0.86137466393373,0.276835427019348
"NTRK1",0.829173586421991,0.25405678487669
"KRT18",0.692604671265483,0.678513906165
"CD37",0.995806490216432,0.248607054247021
"JADE1",0.902062822981985,0.241035961606824
"MET",0.780162349642835,0.491237522770326
"PURA",0.936156588344123,0.243914331545457
"CXCR6",0.828630954062748,0.31573614012805
"PTCH1",0.8476112577137,0.259347925231746
"IL7",0.863257014949786,0.295526033839675
"UBE2C",0.679919941167673,0.519756766437263
"CCL4",0.912546380838691,0.271381413883178
"FGF8",0.876265198405147,0.278600032169956
"PLCE1",0.788944730756355,0.255062966730655
"NRDE2",0.859635809333145,0.249789376294657
"WNT3A",0.820652008949196,0.325984746140443
"IRF8",0.996162970420334,0.246425248900957
"DKK2",0.886092322312635,0.269445196766259
"CDKN1B",0.921620389268009,0.229244589566479
"MAPKAPK2",0.947699206848434,0.184933117320022
"POU5F1",0.826353440786484,0.306846654599791
"NRP1",0.859687744702217,0.372592983376041
"DLL3",0.845666834430328,0.302845852882493
"PYCR1",0.757475206191821,0.321355029198972
"CACNB4",0.85947493612823,0.297598794723589
"CCL24",0.809636300343276,0.318493934924089
"GABPA",0.886119697863761,0.240853722223427
"TLK2",0.777854653779859,0.289664287285434
"COL6A3",0.745739835195961,0.776800162236247
"C1R",0.977001286188988,0.240912705334804
"BNIP3L",0.599065916256086,0.418044196211372
"IL12B",0.87658757944512,0.273802137332626
"LILRB1",0.972132497804055,0.252699111506904
"GNG4",0.795615706951316,0.316078304558882
"RAC2",0.985443470599824,0.276221645840183
"PRKACA",0.799597655644849,0.373976562518332
"HK2",0.299669021825058,0.634057716259567
"CCL16",0.853507543689368,0.305997782959006
"HDAC4",0.922270994855585,0.236547455624704
"MLH1",0.77908755220869,0.331505943995032
"APOC2",0.847451349815348,0.293963890080839
"NSD2",0.804776148379145,0.326558190079145
"SIX1",0.779223096231376,0.257256678498826
"SLC7A5",0.605093212034567,0.606555370257905
"CD48",0.99649448877215,0.262250467802912
"NR3C1",0.929302378757678,0.23749664666266
"HSPB1",0.741357752270842,0.373826037079799
"CACNG4",0.706709525278988,0.327705427480478
"COL3A1",0.471158791626076,0.834857425487286
"MST1R",0.769918228373862,0.329559507220515
"HHIP",0.800137722638028,0.2828315167547
"CCR5",0.920350790467811,0.277146501957706
"TCL1B",0.868561285039497,0.238760514000199
"FGF5",0.700463756705133,0.353353321672563
"MED12",0.809984396772572,0.263396771963127
"GPC4",0.84006704134416,0.275770151561315
"CDKN2A",0.802635794497794,0.300232887365678
"VEGFB",0.844086825063412,0.239238221373538
"P2RY13",0.916459136963247,0.282703727021537
"DLL1",0.926105554283626,0.286884402035069
"SPIB",0.97925591608899,0.237571040816389
"ASPG",0.759472410374103,0.324783338612644
"MAML2",0.910815057656605,0.19097963110839
"BBC3",0.788721848127177,0.300401387477959
"POLR2H",0.775704970776248,0.305496711498452
"RPL7A",0.705898125949814,0.319195880598461
"MDM2",0.894895749761187,0.237824710064953
"SH2D1A",0.954645313060465,0.263543536909883
"THBS4",0.807785613281657,0.325400136950793
"CDK2",0.794720462676165,0.317435117857804
"ARID1A",0.939132746807054,0.238524006003669
"NOD2",0.87928879855666,0.280805491093365
"G6PD",0.808524175497502,0.384114582901338
"FLNA",0.785791449425075,0.441627317114236
"S100A8",0.975590330671472,0.263412539742874
"CXCL14",0.983627682803617,0.341838150979342
"ATF1",0.889617847446737,0.236060537496805
"SGK1",0.841757868369628,0.359014486342272
"FGF23",0.875956656708884,0.265261755547774
"EPO",0.773273991698373,0.295295388841177
"CASP10",0.969127555365054,0.254472818967166
"EWSR1",0.867119543086089,0.319980696397361
"CD46",0.957445560585141,0.179520212078633
"FZD6",0.867313330869847,0.264436344806508
"CD96",0.977647399894958,0.238172399966579
"CTSH",0.998062070389957,0.249909826079279
"FANCB",0.762233023197028,0.320846743310351
"ACTA2",0.92941167884353,0.270342800808241
"MAP4K2",0.929249801379288,0.286391737357185
"IL24",0.868550409341644,0.267323716462222
"CSF1",0.956624213085205,0.202763404184774
"MS4A2",0.883425242084965,0.282236649548981
"ITGB4",0.894084383468,0.297678743644346
"IL27",0.802576681391957,0.35922458967353
"TMEM173",0.79859032550942,0.312053440297838
"DUSP8",0.851176647351646,0.269306418665389
"SERPING1",0.989139615896722,0.251894351857746
"JAML",0.985862297989197,0.259840273215014
"SMC1B",0.842000637200635,0.31653283166554
"NAT8L",0.881503987050754,0.267967454927341
"CACNG1",0.776976835216381,0.313139227463357
"IL15",0.843271766802877,0.285053687569479
"FCGR1A",0.906671465493782,0.271147500353046
"AMBP",0.856111757783832,0.267705424069319
"SEMG1",0.834279676321517,0.292808448365552
"CASP9",0.896455267502434,0.230962706130236
"CD81",0.981954795543319,0.329811577732537
"DNMT1",0.832898559409047,0.395771464469114
"BAP1",0.697582308610671,0.416745205590976
"CACNB2",0.885311440456223,0.28840033457066
"KRT19",0.862687101877745,0.312408755639938
"APLNR",0.900878030998257,0.256699264579323
"CD55",0.797633359533547,0.3819162115649
"PPP3CA",0.880295398306723,0.256432337466004
"NKD1",0.848309879170555,0.285000060564044
"FANCG",0.849874152716974,0.245266569182746
"KRT5",0.979653859286217,0.197055708999959
"WNT16",0.772225789818236,0.320145678377435
"IL15RA",0.878943481038758,0.328564376984674
"TLR2",0.91956804177048,0.260720674864064
"NFE2L2",0.930615857340411,0.223356157905588
"RIPK2",0.700629508665389,0.354221651492404
"APOE",0.760770231251087,0.339028465820892
"PIK3CB",0.839084723285302,0.227703275576877
"PCK2",0.797210339071734,0.35166558506765
"CD33",0.746172771563653,0.299019018120038
"MRPL19",0.842086883109896,0.30543717443287
"SLAMF1",0.936424792992836,0.270877498402698
"TRAF6",0.885087013986982,0.224880199912972
"MRM2",0.811755403333962,0.277579784063412
"SELP",0.962443947092088,0.256102123575128
"LDHB",0.740820314885155,0.516635937800157
"KAT2B",0.947974502306849,0.22442540151999
"CYP4A22",0.84647686901231,0.265507714498237
"XCR1",0.888633696252609,0.264697648778476
"FANCA",0.847843082867952,0.323582739954683
"PIK3CD",0.969392684044328,0.262293653050816
"IFI16",0.908150552542413,0.268498500329059
"RANBP2",0.843098107459114,0.257331104197183
"TNFSF15",0.852935152432806,0.282591670962966
"CMTM6",0.913955775368132,0.270775756203662
"CCL26",0.767216297465904,0.324159280984119
"GAGE1",0.842446933212273,0.284024013743375
"LYZ",0.999918033730076,0.202656910362045
"SNCA",0.86543610027777,0.286133058938979
"LCN2",0.796577722534137,0.295766492468482
"EFNA5",0.921409864909085,0.202748299759527
"KLRB1",0.966066382674405,0.274797683576971
"SGK2",0.796387397936262,0.297394582597775
"DST",0.805383856895344,0.312323399360137
"CCL21",0.999387317718594,0.294898255213622
"LIG4",0.930165949208834,0.228428740301395
"ALK",0.833859992029766,0.325196575585848
"PDGFRA",0.898860041126763,0.221409129230102
"NDUFA3",0.903707614980085,0.226074350630984
"ITGA1",0.947775576831242,0.24682958819418
"EIF5AL1",0.80890750251861,0.283319572311657
"FZD2",0.851703999120187,0.245098490054888
"CHUK",0.868538526384089,0.23951040325812
"PIK3R5",0.977878174273706,0.255245954227185
"IL6ST",0.967201780766095,0.24596912400127
"YTHDF2",0.89291547213706,0.238276079925219
"SPRY1",0.928331481411225,0.224069898920677
"NDUFA11",0.772802455816389,0.424407332857386
"DTX3",0.817653937279958,0.251177355070298
"CD53",0.997574254994995,0.231450955086721
"PPP2R3A",0.740084581502421,0.310097165789644
"IFIH1",0.911317936646854,0.265054082949238
"PITX2",0.877895633329608,0.258378094418433
"CLEC14A",0.898112944212174,0.25809678283171
"IFNB1",0.730191026823018,0.423853636428745
"SLC2A1",0.149088790737155,0.988380677921033
"CSF2RB",0.996048046043069,0.224185540827988
"FANCC",0.808911398946189,0.266371104826382
"GNG7",0.965524141471967,0.262227160739597
"CKLF",0.820368952556922,0.342247919857513
"NF1",0.921352343783783,0.229610705119537
"SOCS3",0.958403531631671,0.191555624232513
"MAP3K12",0.74956360167669,0.289703269781207
"WRN",0.783689361152903,0.254110239588955
"RAF1",0.820485058737228,0.289020047861801
"EPOR",0.793797114877348,0.284664545085231
"BTLA",0.97330329382219,0.259922896956093
"UBC",0.838780621709618,0.264437969608304
"CD44",0.747036325016721,0.333212182230229
"PRG2",0.839556224467778,0.307028518572403
"ITGA2",0.614259194741199,0.421749408250374
"CDC20",0.734484993471934,0.575066474004952
"PPP2CB",0.773744860729382,0.293811621942015
"TCL1A",0.939274432848865,0.294489188836526
"TNFAIP6",0.771758680540125,0.360738180776026
"RASGRP2",0.995939166614562,0.289090501256075
"ITGAL",0.998091127916877,0.214053133613232
"LGALS9",0.98377150858544,0.251932287153508
"TDO2",0.893212135696394,0.249035215204965
"SMAD4",0.879783048170035,0.227810584184272
"TLR4",0.944111290121465,0.269639796705468
"CXXC4",0.887294327778868,0.254584824049107
"FZD8",0.27385975634607,0.747902052301368
"CD19",0.996730680419751,0.280662733974141
"ARMH3",0.932200079895525,0.199700262444084
"ICAM4",0.881505744850134,0.259573686935736
"CTCFL",0.864728049671234,0.264589240902756
"SIGLEC8",0.878756774588104,0.281165116674058
"ACVR1B",0.815768766542363,0.263653146771636
"TTC30A",0.821504941780243,0.28093360053778
"CXADR",0.821123428086556,0.267173605361032
"ROPN1",0.907941973758766,0.240977371233107
"IGF2R",0.856017079768727,0.281238882129161
"SRD5A2",0.825002614211164,0.309490796569558
"WNT5A",0.848223800753759,0.27173888759219
"SOD1",0.782264557070091,0.394958634645128
"S100A9",0.989990529788458,0.253694690956678
"HLA-DOB",0.996766028409695,0.268878936823397
"POLB",0.756603809039678,0.319188923139672
"PRMT8",0.834256454924143,0.282019156522196
"TGFB3",0.812695048897611,0.266656262577368
"FGF6",0.858527114192891,0.290121941081314
"APOA1",0.812679568991846,0.275060737091176
"CYLD",0.961319742072261,0.199757981579394
"CXCR4",0.997715465670669,0.263147341096765
"TMEM45B",0.804007678257931,0.31829666169003
"MYBL2",0.872093444225766,0.407532587243025
"ICAM1",0.946518475376758,0.323444610585636
"ATP5F1D",0.782738945022132,0.379392377319666
"PRDX5",0.767295179519624,0.327004326997953
"IL22RA1",0.810692637818836,0.307992508236771
"RUNX1",0.780049018123783,0.305230333114917
"NDUFB4",0.839176443320841,0.274198681264408
"PTPRR",0.832900482825018,0.297426775800356
"ARG1",0.850837818974855,0.277171364643415
"ITGAV",0.850732216234106,0.288032778183886
"DAXX",0.886688083785787,0.248562681342722
"C8B",0.836670618885218,0.306087590351413
"IRAK1",0.745197165571318,0.461892458391227
"GDF15",0.702714732459301,0.346775789931374
"PLD1",0.798170913594428,0.273331599192791
"DOCK9",0.89355043441037,0.306126408153247
"CRABP2",0.677599547994763,0.481291733693748
"ID4",0.879666234260095,0.275801221633995
"ETS1",0.916762188741074,0.353726797366139
"CXCL9",0.989609589800393,0.268608996968601
"CCL2",0.493531801386425,0.996493257772138
"MARCO",0.867908049977303,0.280541491516486
"KRT7",0.537281162279077,0.49321851268705
"HDAC11",0.745077848617589,0.293366023090322
"TNFRSF10D",0.72148155672133,0.352427455859141
"PSMB9",0.938891500405592,0.337502922456279
"CCR6",0.989073210013313,0.234227802386553
"FUT7",0.956974007603764,0.241081248450735
"HACD2",0.916775653647973,0.212791308237395
"TNF",0.933444581064936,0.235575109735568
"PIK3R2",0.785759268173333,0.376923874824589
"LILRB2",0.949845308083802,0.334653595936723
"SERINC5",0.959121158736964,0.230567169541924
"VEGFD",0.850301059746807,0.304983904498347
"KMT2C",0.901995258193736,0.209792728668368
"ICAM5",0.561331387639077,0.454667445279383
"AREG",0.845799230157889,0.259571911865628
"CRLF2",0.902026872377386,0.273872902698193
"DKK4",0.742368161277084,0.335966005103077
"C4BPA",0.88193359740384,0.275382557168149
"CCL27",0.860038429469814,0.357827004008324
"IL18",0.970768027352134,0.234426014333906
"NUMBL",0.732384587811647,0.308409946387043
"CD2",0.988508961041441,0.222894353881877
"CASP1",0.926794402388948,0.227141627317457
"MAGEA4",0.811940993367076,0.274501143164662
"TLR6",0.961034263034884,0.25112179760732
"IRF7",0.977375667912323,0.277229274202112
"FOS",0.981805818190431,0.330962828672748
"CDH2",0.792499218630013,0.418215938496439
"LIF",0.439692032446036,0.595207646984479
"PDK1",0.836415774199452,0.383459363178815
"NT5E",0.643704489160446,0.557606054076858
"CASP12",0.845517570457594,0.278369690177836
"PAX8",0.860396644147445,0.2943383694337
"IKBKB",0.838638942043582,0.328949268610605
"DLL4",0.926771540876051,0.304405706032086
"EIF4EBP1",0.705500027213373,0.648185056078057
"PKM",0.750102750203673,0.506138732184875
"IFNA1",0.852092064426752,0.361083396345546
"CT45A1",0.659756836523746,0.412782214937404
"SERINC1",0.84983558292917,0.290125085652201
"CUL1",0.83661911350204,0.290022991362723
"PIK3CG",0.97497045256276,0.250098895999744
"FUT8",0.909604233055658,0.251987014042739
"TNR",0.876024460187266,0.268991316501602
"PAK3",0.806116490234353,0.279721182254802
"CCL11",0.882288748563082,0.269070536485471
"SOCS2",0.771062347612667,0.317142243736844
"NFKB1",0.947152668516404,0.231863257038806
"ANGPT2",0.907916228551063,0.274020477994519
"GBP4",0.958146797846715,0.256145850089925
"NODAL",0.830094771321644,0.305893556481821
"PAX3",0.830058444104843,0.307053652040855
"HGF",0.703886372204068,0.547154087852521
"MR1",0.916777065244186,0.277944605656468
"IGF1",0.91444110141345,0.30896888430319
"UBA7",0.925570473540713,0.268274797272618
"INHBA",0.636488040146658,0.419201228044275
"CCL14",0.847745539967273,0.308427438638629
"FUT5",0.840607135436637,0.258691594681702
"FGF10",0.803708064181106,0.307134569694009
"MAPK10",0.881862473343695,0.245618962238268
"FPR2",0.802859543870222,0.295484372583068
"PYCARD",0.80453126826931,0.352200026784441
"WIPF1",0.991234652990127,0.248000469596081
"STK11IP",0.885305176847285,0.249606460760864
"CLCF1",0.897182599473767,0.236007283010109
"PRAME",0.865553646818677,0.275714823100041
"COL4A3",0.93141352009408,0.282746125349445
"TACSTD2",0.906365572035867,0.274539745411759
"IRAK3",0.914689480403757,0.265126056036983
"ITGAM",0.966905680889919,0.260950869352357
"ACVR2A",0.907060835054742,0.217302860789889
"CXCR5",0.980863592343212,0.233769776956222
"CXCL16",0.938932441895093,0.243100386344147
"CACNA1E",0.871435052982583,0.277124737606093
"MS4A6A",0.988831556982792,0.257770710068952
"GBP1",0.899662736256886,0.257444510287374
"SPA17",0.789790408596333,0.289741293891772
"SLC39A6",0.79561945909094,0.312280786992162
"MBNL1",0.913374814843478,0.323404018226167
"RIPK1",0.906035214281482,0.22811570768312
"TAP1",0.966630089327256,0.203245987878996
"FZD5",0.861171119886502,0.279309387525685
"FBP1",0.889791912793636,0.271621810015434
"CDK4",0.791217113837888,0.444767736174422
"PGR",0.85728380183754,0.257625171823091
"RNLS",0.863527082960687,0.255988631494191
"CD27",0.997254389975361,0.271180734300999
"AIRE",0.904829540102247,0.246241406633126
"CFI",0.899260645065174,0.269011675450259
"NFKBIZ",0.791177977018908,0.323075363927756
"PPBP",0.819025512811277,0.305976049223079
"H2AX",0.743447931578028,0.524794814382205
"CSF1R",0.988412424929378,0.222423612260258
"ZEB2",0.969824698462734,0.197837692282075
"HES5",0.834116095784799,0.289042163887259
"ATP11C",0.809878945245632,0.276010392850217
"CD6",0.993389778192224,0.238957478025072
"IL10",0.888488726020499,0.299943054931479
"TPR",0.94571795487671,0.199008903361552
"NFATC1",0.956340872897385,0.265229513489454
"SKP2",0.868379984112425,0.240664428769255
"ANXA1",0.774274840427618,0.508149572928266
"PTEN",0.918279716142211,0.200492005173385
"PLAT",0.592795497489219,0.412369239478768
"POLR2D",0.822806434680695,0.296752533954551
"TOLLIP",0.867586372476464,0.216454945491582
"PDGFA",0.724101500818557,0.328499531653313
"SOD2",0.748629355498271,0.406350832483367
"PTPN11",0.808319083725082,0.314962809195219
"NDC80",0.794280827910902,0.363260731735346
"BCL6",0.899759562436999,0.269953799412215
"TWIST1",0.802677973863306,0.262987237413519
"TMPRSS2",0.838892401174673,0.290763538989205
"MRC1",0.875570592178666,0.306642822415474
"IFIT1",0.837944418665689,0.274040520872225
"ARG2",0.763507132343677,0.30712058057247
"CCL8",0.870276512467339,0.301438591255364
"KLF4",0.740932068514805,0.327865643446769
"VEGFC",0.789418178648899,0.367759229678575
"GIMAP6",0.957219057449391,0.244970477517131
"GPX4",0.821818840450467,0.296500697287842
"RPTOR",0.893399895071519,0.235283670249303
"FAM30A",0.972576114421925,0.247464369635539
"ADH1B",0.936004158615344,0.381378169443588
"GNA11",0.791968713801875,0.324493196234624
"BMI1",0.867166758912279,0.272258449557814
"LBP",0.812147558812492,0.316650587133136
"PDGFC",0.757619029147573,0.336191653812858
"MCAM",0.89417222643122,0.270137000260064
"ASNS",0.519860190858432,0.571096444516296
"WNT7B",0.825275006629191,0.290496159300212
"PRKACB",0.858849069335695,0.370745585410422
"CCL22",0.889908313876863,0.273704507422348
"FH",0.812888785661618,0.363160004950658
"PRKACG",0.840864882720729,0.277943422532668
"FPR1",0.873400198756684,0.302289991051808
"IL3RA",0.939804962898115,0.287695122138644
"IFIT2",0.785544813715855,0.315040980669929
"KDR",0.909329854028661,0.272553332696843
"PUM1",0.909210831207823,0.189756050243765
"LY6E",0.848149878733207,0.352518909366854
"TAB1",0.906610244636663,0.259331196013254
"RHOA",0.726887746839807,0.444703469396269
"TNFSF12",0.909100774092119,0.229392107950618
"TNFRSF1A",0.929683958239161,0.181993273798903
"ATG5",0.843472051392845,0.277105819189715
"IL13RA1",0.864042255021675,0.301425888622262
"MYB",0.890346805215003,0.267926992393081
"MCM4",0.737434754915244,0.472028798216819
"THBS1",0.977604764866545,0.241833888568621
"CXCL10",0.912040621989211,0.276078753743689
"PPP3CC",0.957724923378126,0.259525288921355
"ANKRD28",0.840973014432965,0.288647490499894
"CDKN2C",0.802450250933174,0.281104841977771
"SFXN1",0.800133923849278,0.276884234751249
"NECTIN1",0.833410966681528,0.255769263700233
"RAC1",0.7603794082274,0.312697826823452
"PLOD2",0.358095499237092,0.898580374114503
"MICB",0.907515170170116,0.301213095433439
"HOXA11",0.733258530327625,0.307516767789233
"BMPR1B",0.793289138828336,0.329001852290453
"FLT3LG",0.930172892102385,0.241417848614463
"FOXA2",0.737256774787482,0.272996918617777
"TET2",0.935333139181588,0.258950901624141
"S100A12",0.810133609859158,0.305147995128358
"CDK6",0.639911821402606,0.422286642658153
"LDHA",0.749069354820258,0.317397178002574
"CD58",0.911415389652866,0.230906835642576
"GLS",0.942069145813466,0.209325625877331
"CCL19",0.998475713358158,0.301837668264068
"ETV7",0.878257920605257,0.29244219489124
"BCAT1",0.726216993072587,0.398051684601182
"AMER1",0.750594238648331,0.270703619324519
"PAK5",0.809784789708932,0.274263899299678
"CACNA1C",0.898949975240868,0.28337309586625
"ETV4",0.742433324503003,0.30697580514198
"NDUFB1",0.866355657228552,0.296290434384075
"SFRP4",0.865511044361312,0.257775968503784
"WNT10B",0.850059702057083,0.288350220497323
"WDR76",0.818264102904222,0.362562641012964
"GOT1",0.856211570298493,0.264752104240449
"MAP3K5",0.954278070693143,0.201271915517537
"SDHA",0.922238370575787,0.191483546452991
"TRDC",0.882784390610676,0.277364003276731
"IL17A",0.822194909811137,0.350853675956108
"EHHADH",0.839609543395546,0.251872965381038
"OTC",0.81863994046247,0.328001708515555
"SRR",0.808594680581552,0.272596834884415
"FGF4",0.80389691014152,0.306771693531813
"STAT1",0.942982096543482,0.280159585470166
"PDGFD",0.886022689476488,0.271587046048688
"BAMBI",0.889126707511658,0.259487179798095
"CYBB",0.996859730695831,0.266408427682905
"CD1C",0.915871864285121,0.298651259403566
"C8G",0.758902413498969,0.310841557364617
"ATG12",0.901989977322323,0.224025913404989
"TFE3",0.866921469022801,0.244633515880718
"LTK",0.885818039087774,0.288822317364169
"PRR5",0.914780756287916,0.327678200816814
"RFC4",0.803146969203102,0.340378765858246
"RICTOR",0.927141784001879,0.241230145271851
"CD3G",0.934643297369131,0.28676426230889
"RIMKLB",0.804514058717409,0.263233789897291
"C9",0.814787281457858,0.300972790034098
"TLR5",0.897210580986212,0.274895506997243
"SFN",0.859506018388323,0.265893954611254
"TARP",0.850140427470381,0.26358235210328
"FANCF",0.925519926220965,0.243007478600483
"IL5",0.834455645958582,0.27759248196639
"TICAM1",0.808180897744746,0.280678143023626
"HSD11B1",0.868546503733067,0.288618543526775
"MYD88",0.856795312095757,0.29039147476463
"IRF9",0.946709248884536,0.254089066582689
"NCOR1",0.949730434829857,0.189086884454182
"KRT10",0.845557943207943,0.236396307772859
"ADA",0.913676098543464,0.286195713995921
"LTBR",0.832038052870585,0.244511085378145
"SELPLG",0.95600656507793,0.251600153270723
"GHR",0.871989685663471,0.30337077139414
"TNFRSF11A",0.845299767837432,0.287785032850772
"DSC3",0.851015653872647,0.293443298116631
"FGF22",0.83163898647989,0.346396372964964
"FGF21",0.794628470536892,0.28418522732083
"MAPK11",0.869311419017908,0.277282632768647
"CMTM4",0.759342683776343,0.303138882822609
"EXO1",0.773766032229759,0.311121539219731
"KLRK1",0.96843865571104,0.220996398432592
"OLFML2B",0.885936234944746,0.305951955296427
"PMCH",0.74212657079599,0.349439660719479
"APOA4",0.808783854807933,0.295971479070969
"MELK",0.812714517585705,0.319455921585292
"IDH2",0.924658634198338,0.255843778470447
"LTA",0.893246621849716,0.279113844467371
"SSX1",0.779630511188796,0.243703768004024
"FLT3",0.950134465826013,0.250690590917817
"THEM4",0.894857650458726,0.231728023949692
"RAG1",0.835675335722706,0.283930531208536
"FGF17",0.843041709879301,0.318971773321234
"COL6A6",0.845544073819173,0.284600150631674
"CD14",0.989018757552942,0.265140667097794
"KYAT1",0.834639605554922,0.246946992115338
"PSPH",0.760004914580862,0.329349721762709
"IDH1",0.857648015244784,0.274945693432169
"OAT",0.84763306667926,0.221730868415835
"FCER1A",0.878512100405071,0.2776036395914
"CCL5",0.988992020142326,0.223128225897431
"EOMES",0.920449532767543,0.270786509164053
"TNFAIP3",0.917368964739151,0.52028744014128
"TBL1XR1",0.82936061404823,0.266668154647369
"PPARGC1A",0.844217785103556,0.29417797612424
"LCP1",0.991338658711442,0.370964805517118
"SMARCA4",0.772272586250085,0.341985829486304
"COL27A1",0.72160729571974,0.354646193730208
"EGR1",0.426219197364896,0.583402411043414
"TSHR",0.826484214084784,0.291704034985387
"IL26",0.848303806691811,0.297340239325662
"TXNIP",0.954764853635947,0.483451144467825
"BCL2A1",0.928526780174514,0.286022857637834
"ATF3",0.819535337046754,0.328403599525498
"NDUFB8",0.897413474959886,0.20967352513429
"BIRC3",0.975029668654507,0.308974083472224
"FANCE",0.789939374444522,0.277570334588981
"MAPK8",0.807996486497403,0.302649922308172
"CXCL2",0.725742335900537,0.384975304068186
"L1CAM",0.55608617015614,0.470165618588261
"JAG2",0.877639718678945,0.267173587979783
"COL11A2",0.851314017132723,0.269303137281257
"TFEB",0.970046082276615,0.269361941546903
"ID2",0.942523779411421,0.238929654524981
"IRF2",0.965492971569523,0.200471874826255
"PTGER4",0.955611077499444,0.229488718197986
"NOX1",0.74687480333514,0.309042903229661
"FAM124B",0.840528672494196,0.309245740474099
"IL5RA",0.821067759853907,0.299772204730597
"FGFR3",0.860997719248122,0.302153791897173
"TRAF2",0.844737407335441,0.242355379605623
"TNFSF13B",0.988958805681558,0.284153919391721
"XPA",0.887038069920269,0.228325839833212
"ORC6",0.865197927774066,0.29456471741957
"POLR2J",0.821427684912749,0.264106050615209
"IL1RAPL2",0.733038225862756,0.308410155466656
"P4HA2",0.272344890775651,0.712747437044416
"HLA-DRB3",0.981028944385096,0.321882506732433
"PIK3CA",0.870789706208207,0.221034592824035
"RASGRF2",0.896182928619078,0.258555592658619
"FGF13",0.578882346411618,0.554273250970581
"IL11",0.743426191001083,0.381057281573829
"COL4A6",0.787601154045418,0.289885094026402
"CCL15",0.803531881701126,0.262041476624277
"BTK",0.98987827874775,0.241997829753519
"LCOR",0.872654661878925,0.246687860226165
"NFIL3",0.592558214863548,0.436483340718829
"CMA1",0.831849887740841,0.29496551140883
"GRB2",0.897849932430994,0.265671643253938
"CARD11",0.95516167690938,0.287856823874326
"ABCF1",0.834624462757984,0.275986921262229
"RHOB",0.78652151375044,0.475464569319343
"PTTG2",0.829294541990939,0.378957037193115
"MKI67",0.776776104718033,0.465187161690498
"HLA-DMB",0.997662868663039,0.25173417839706
"ID1",0.784864036924814,0.3207074855511
"DMBT1",0.877914715830041,0.274897753733466
"ITGA7",0.765273250952501,0.306700323491357
"IFNA8",0.786706348687628,0.376768296502164
"MSH6",0.774273754159286,0.316138190539943
"CGAS",0.943035606114554,0.209241438717229
"JAK2",0.962146224650946,0.282605580999775
"BID",0.861405094121504,0.250289577084352
"HES1",0.733234057709022,0.385375107128742
"S100A7",0.880740983359874,0.25610517860364
"MAGEA12",0.865177428745902,0.271489832428015
"HRAS",0.743338123449792,0.330142278350744
"CASP7",0.852068930801134,0.255482786386753
"TGFBR1",0.884226171498063,0.248225612768344
"ASCL1",0.807227743386982,0.339150840725119
"U2AF1",0.770744985827542,0.334680095918806
"MAP3K7",0.867099244465699,0.243902566946815
"JUN",0.465598444699929,0.582386313397281
"CTSS",0.993158148365751,0.348346537435341
"EDN1",0.852483820168016,0.253816238106037
"CX3CL1",0.880512028443819,0.300528848456213
"IL34",0.918108414039053,0.264567003755124
"H3C8",0.780108476923576,0.790382710911798
"C3AR1",0.878899547065466,0.262394556593179
"WEE1",0.831303851273643,0.259525647874155
"SERINC3",0.836061175652008,0.26034284653068
"CD1B",0.830141945159005,0.314471052226929
"ISG20",0.969845244302741,0.235457930453054
"NegProbe",0.811475450432181,0.323994212369156
"ANLN",0.719776268420742,0.48865861087046
"CXCR1",0.831332812419836,0.29633114547986
"MAF",0.972798154483754,0.261936244011883
"BRD4",0.850877323351673,0.234698905129995
"VSIR",0.987446678984389,0.207860906483098
"SF3A1",0.883425835582984,0.25866206232965
"CCNB3",0.837521795433724,0.301847310353744
"IL11RA",0.92953755948725,0.278261310283282
"MSH2",0.813916772734289,0.31597529618947
"CD244",0.883317323133067,0.304663094098576
"LRP2",0.767258238115984,0.342149769863863
"RAD50",0.844780984860193,0.273189411269067
"CACNA2D3",0.856645264868164,0.271767573760528
"LAT",0.978102975323292,0.222169450639376
"NFATC4",0.813102339388511,0.293791431412209
"TNFRSF4",0.897499632956133,0.273880227615668
"PPP3R1",0.952126755038065,0.212228333660584
"CHIT1",0.904804889329429,0.263407929906468
"BAD",0.827530441723932,0.259030833835862
"FGFR1",0.443717729640281,0.551726585856612
"ATG10",0.884998272561248,0.251640308835748
"DUSP6",0.74237695156606,0.4040203084758
"CR2",0.992353393195265,0.269690170909933
"UBE2T",0.779164561176347,0.361847299582587
"ENTPD1",0.982109651011974,0.231084761069185
"DEFB1",0.835904471784478,0.285750487855107
"HERC6",0.865966096572258,0.269875452259193
"CACNA1G",0.748754951947342,0.290604494877688
"F13A1",0.88536102800896,0.258937279807383
"FCGRT",0.954686405128348,0.202237535844271
"AKAP1",0.745932372261504,0.317984438556789
"NOTCH1",0.962944546844278,0.191464578650773
"KLRC1",0.878269104761717,0.282571007614373
"JAG1",0.782420612325351,0.300204599117532
"ARID2",0.896783612050712,0.207496330575437
"NDC1",0.817085084402202,0.298080473896899
"IL21R",0.984011845960725,0.207247676156653
"FGF11",0.873323560115462,0.264460795588836
"CTAG1B",0.621436375886714,0.392846672680694
"TP73",0.880745006687685,0.281302955485685
"HOXA9",0.734882562927195,0.304793650174196
"GPI",0.784353255298503,0.378735974689434
"KIR3DL2",0.806178198648351,0.355466418776239
"PRKAR2B",0.888938080747241,0.276378509881431
"MAP3K20",0.810265971426919,0.279373146208672
"BMP2",0.463351443903116,0.670251769754084
"MAP3K1",0.986209146293326,0.236546157865436
"POU2AF1",0.995457778057202,0.22947108521186
"SMAD2",0.924983490762326,0.236896510402534
"CCL7",0.506729074033289,0.631655550734081
"ATP5ME",0.838608738423221,0.306412642811201
"TNFRSF10C",0.887752503345027,0.292094804866189
"ACY1",0.704085593985688,0.401306627655257
"INHBB",0.856631667287069,0.302004418718766
"CXCL5",0.822657675541615,0.357416691965958
"SOST",0.888196217105548,0.252894576213706
"HSD17B8",0.877002678184053,0.245600067403295
"COL11A1",0.600609271945781,0.391910144796427
"IL17B",0.824971042845891,0.313037588721132
"ITGAE",0.912220674393648,0.267604056453537
"UTY",0.993404490979582,0.277512649340394
"CEACAM1",0.854083956495968,0.286030814491192
"GNLY",0.958898734261649,0.261784509574328
"UQCR11",0.806844542150305,0.289105341719847
"EBI3",0.916459627147789,0.263947856448426
"RRM2",0.710227910178096,0.571256390107297
"SHC1",0.77435022487749,0.303928723474758
"TNFRSF18",0.926846484654162,0.291159444920948
"IRF3",0.871307218990312,0.254702471902091
"FGFR4",0.880138406876128,0.271348030179172
"CD163",0.925244484699434,0.237186300803471
"LRP6",0.867683522895874,0.206703850344022
"MAGEC2",0.609248008166553,0.713560744854244
"SFRP2",0.832440372152239,0.306673623633737
"MEN1",0.848236448277843,0.264250832715643
"IL17RA",0.96092987257292,0.183918663509768
"BCL10",0.814071175233406,0.287152944153429
"BMP5",0.84971492843161,0.258539312166868
"APP",0.814452384027473,0.412694108618556
"MUC4",0.83508562340115,0.279134000211398
"TNFRSF17",0.949616434596481,0.297152701925937
"ZBTB20",0.950412183341748,0.234749365055613
"CCL13",0.866669097491564,0.278437506913952
"MME",0.231311935431067,0.932220749076401
"HAVCR2",0.973652200110065,0.213362209183181
"FCER2",0.959616889871951,0.262047257029118
"PGF",0.826928847982149,0.307887372525302
"OLR1",0.821516674866742,0.392694502951744
"PMAIP1",0.64562807749728,0.403433256006052
"DKK1",0.682859683112256,0.727389945292677
"NDUFA6",0.823156907145046,0.317337078715272
"SPN",0.973204294835064,0.241272308537642
"CFB",0.955002661348735,0.221958642846455
"NLRP3",0.854702572326434,0.296034210061591
"CD160",0.85943633413937,0.303515882061913
"IL25",0.837554050000635,0.281012636174985
"RBX1",0.897479508181948,0.260246073374028
"FOLH1",0.840085622438057,0.249583913905701
"BIRC7",0.819482032274434,0.321972629150647
"PTGDR2",0.85515290209842,0.271478571415688
"HMGA2",0.761397345977289,0.365613896132208
"HDC",0.835847794134801,0.310932105099478
"FAAP24",0.821716826022326,0.254212499759579
"ITGA9",0.914929278480398,0.281228593073454
"CFD",0.895810923910218,0.269366629941014
"CCNO",0.813648844195817,0.30115909917103
"ELMO1",0.990275044889327,0.207444293556978
"CD68",0.861154869917849,0.35630331444843
"NUPR1",0.85597556674821,0.28531741780892
"NKX3-1",0.832602949013644,0.317655234822114
"IFNAR2",0.971773983874829,0.194928966647599
"FGF20",0.879626678456397,0.276335638488016
"CTSW",0.964363629251421,0.222144194989812
"IRF1",0.95231661489434,0.265903114889709
"RXRG",0.850632384025659,0.311765129760292
"ITK",0.970198418658147,0.245945121231527
"SMC3",0.829905680016372,0.293058677865118
"SIN3A",0.871918424457404,0.235248313462187
"HMGN5",0.687465674129532,0.40848511864045
"KMT2D",0.884301073317162,0.232128136249435
"TNN",0.776887897187546,0.316502042871613
"PRKAR1B",0.775441134405275,0.351547221185854
"NDUFB7",0.835683579494756,0.281419447213488
"DSP",0.96137142932115,0.253623185366097
"COL4A5",0.714162152974158,0.321873614095846
"MAPT",0.703892196210268,0.328876111619712
"RASGRF1",0.841566772589663,0.273188604495447
"MDM4",0.988335880891234,0.205905671135189
"PDCD1",0.936386938224972,0.255551150895711
"SNAI2",0.694383986978464,0.416752481488884
"PSMC4",0.824768385663829,0.28677801477772
"NOS2",0.855294497653431,0.278860451537448
"POU2F2",0.980367775557397,0.269620998707617
"MYC",0.63839785888342,0.502534473750733
"PASD1",0.812212534655728,0.303414948549347
"NFAM1",0.926805985224656,0.263296469161905
"MECOM",0.804246811630973,0.274025381465195
"GATA1",0.831756851031245,0.273951464319468
"DEFB134",0.885430138446749,0.275108724925742
"TNFSF4",0.840120156806022,0.289397249387077
"PHF6",0.793298807056551,0.329427821024979
"H3C2",0.862154219475346,0.707649446677245
"BAX",0.79348127340478,0.382618767634153
"UQCR10",0.846918122044535,0.271630380558192
"POLR2A",0.798135534400064,0.279654795094002
"CD180",0.986111636950857,0.269333327596611
"CHAD",0.779822602472255,0.291596225251226
"CXCL8",0.0256367932117001,1.05414359847721
"GAS1",0.936961061469597,0.232608499787667
"SPANXB1",0.729477193604307,0.446058879067901
"SHC4",0.808789592578983,0.26080012670654
"ITGB7",0.98715204438235,0.251199621619688
"SAMSN1",0.983651359464667,0.254852602173915
"TNFSF18",0.857087404083247,0.309859307495288
"TNFRSF11B",0.873720283170115,0.312084342989402
"IFNA17",0.874634004729058,0.293086572181341
"CD3D",0.99183853276753,0.213424164258642
"MIA",0.883062764821758,0.255384620326795
"SMAD5",0.834373948846821,0.257138333841682
"SPINK5",0.930153528692794,0.270285817488547
"CMKLR1",0.957823007947614,0.242679621675518
"PSEN2",0.915779233541664,0.240045398136735
"PRDM1",0.936523769391769,0.426584669903171
"CD79A",0.996398626301394,0.280647110538506
"BCL6B",0.888153924701453,0.281504155198371
"CXCL13",0.997512713044025,0.293468914401205
"LIFR",0.805706204637983,0.309855817206681
"MEF2C",0.777297374967283,0.353311062890133
"TPTE",0.881464479099237,0.27033476289195
"DDX58",0.909420284808167,0.314404467130372
"GMIP",0.981187424854473,0.176118357069692
"PEBP1",0.806787547964213,0.426458281335411
"BRCA1",0.876119005945414,0.294545961032849
"BCL2L1",0.740625833878491,0.318269717967115
"NOD1",0.849622478525265,0.252895324172935
"TBK1",0.828868922418578,0.254402482586122
"RAD51C",0.839731754769147,0.278664877734416
"MXI1",0.579078019160333,0.426089050413215
"MCAT",0.84166505053302,0.260658038646121
"RIPK3",0.956478958142102,0.25967868352534
"STAT4",0.922915402829342,0.291752316637557
"FASLG",0.916864240722355,0.265950200299704
"LILRA5",0.863203640700686,0.271918679554734
"COL1A2",0.866073762376511,0.394753624825859
"CD276",0.714869594539869,0.359790303844113
"CTSG",0.86697366496023,0.320761740955646
"LILRB4",0.984623319768252,0.255613919151893
"TRAF3",0.88894998884993,0.264669326762275
"MAP2K1",0.752289844669711,0.315042024438958
"SIRPB2",0.914373403184803,0.256620015171181
"CPSF7",0.921401084948132,0.209174410768009
"APOL6",0.912191932902653,0.306080251105842
"CHEK1",0.766800875767018,0.337150866866196
"AMH",0.733225646683006,0.305659602096579
"AURKB",0.76741460683035,0.383403409119042
"CCNB1",0.756917163230473,0.466357114214133
"TLR1",0.97806482315094,0.237474891708646
"CD9",0.713904390611649,0.360565286183534
"MCM7",0.747141673587928,0.489281881928595
"GADD45B",0.675866766532297,0.390839996758343
"E2F3",0.86441592520015,0.228724950740158
"C2",0.949677566025551,0.287414671889462
"SKP1",0.896049786295961,0.251239098965805
"COL17A1",0.859854370926761,0.290882627037025
"HMGB1",0.920277865017617,0.304179352347388
"PIK3R1",0.969676220469102,0.173909949336083
"ITPK1",0.793366861805643,0.354135636077138
"SMO",0.73093468863956,0.304383756552577
"PLAU",0.508675905596551,0.667084255358211
"BDNF",0.808207231992243,0.261944999300103
"ITGA8",0.924401620597088,0.26512845595162
"ITGA3",0.768910519691808,0.547193746197008
"PAX5",0.976476370992738,0.274488917752304
"CPA3",0.861465553496701,0.251036148349844
"SSX4",0.826114451435593,0.303302494849867
"PRC1",0.740554113133887,0.354907006394936
"C1QB",0.975123557756008,0.249742508424357
"ABCB1",0.868204169608201,0.285269595470381
"ILF3",0.800355422509147,0.343682284054567
"LEFTY1",0.842965458268895,0.282251499053302
"PNMA1",0.796196805660481,0.340153378154633
"FSTL3",0.5636341516061,0.458409976251757
"CD209",0.809296191260899,0.340803890804279
"MLPH",0.711275902288546,0.399119534461546
"TRBC1/2",0.957057184928077,0.425429773576427
"HLA-C",0.992381917237291,0.227178664775712
"C1QA",0.993795407919402,0.294996996426206
"TYK2",0.920988035867791,0.221284599936594
"REL",0.958317235672498,0.244313587027893
"AXL",0.716479756939429,0.53265048513096
"MAGEA1",0.808486412357475,0.261051738832576
"PSMB5",0.82545063758753,0.384441395396085
"TSC1",0.771141071854783,0.313244210162326
"LAIR2",0.90948629535164,0.254312945408961
"OPN3",0.908205323908271,0.224583435112452
"NDUFS7",0.817397921785946,0.33077726606599
"WNT10A",0.893391987410609,0.308793152618036
"PDCD1LG2",0.911500016040034,0.252770002594283
"CALML3",0.817286333101064,0.267889225340006
"ATR",0.889066197542625,0.245640102315922
"PPL",0.89042391277265,0.233763230310024
"PPP2R1A",0.794375434830739,0.336507253561989
"FYN",0.930278083516355,0.27117324780657
"LTF",0.991336128001029,0.247588393895751
"GRIN2A",0.848337600067227,0.28886105077961
"CDC25A",0.629371381142586,0.442390412581554
"ZAP70",0.992091690877292,0.240087705733573
"LAG3",0.93773870377889,0.249707856389051
"NUP107",0.789009942290892,0.299871067081136
"PLCB4",0.617358610314656,0.413418752122945
"CCL28",0.847291502413939,0.30910242405654
"ZIC2",0.895434987779393,0.279252022411628
"SERPINH1",0.83329375160719,0.287084965930528
"COL5A2",0.904162844965735,0.241164449523411
"KIR2DL1",0.865764599768385,0.259706561597774
"CNOT2",0.892084129770935,0.222083104249929
"ROBO4",0.836112444279786,0.310332809814405
"MMP7",0.849415391388895,0.291859731491891
"DAB2",0.95751744693445,0.173726711260947
"FOXC1",0.846208353341792,0.251942746561332
"CYP19A1",0.825186148562048,0.300040388439078
"SLC16A2",0.702409396140556,0.310548434530144
"TIRAP",0.880632592468038,0.257134117551887
"GZMH",0.864358849589877,0.26369794350334
"CXXC5",0.952974890579763,0.275060669401417
"GPT",0.889092061061116,0.261962164801503
"ZNF205",0.813290407017783,0.260764123514997
"PLA2G3",0.837814673552162,0.272336134464208
"ZBTB32",0.849704735727968,0.309681359070858
"IL1RN",0.878660313027692,0.301922453152919
"KITLG",0.777184275547283,0.333595600721875
"KBTBD8",0.905783764829644,0.293796933102155
"HPGD",0.959547853622883,0.244332903522513
"CREB5",0.747663075036076,0.345448215078041
"IL23R",0.861158892138206,0.269706838618998
"RAD51",0.800273791981644,0.295350951123012
"REPS1",0.873273309026255,0.231464988111839
"TXN2",0.875017416135693,0.274429609192963
"XCL2",0.949681510893623,0.243274706067738
"LAMA1",0.813708709514361,0.279271322346058
"PRM1",0.824548648263823,0.313883200416361
"RORA",0.938793518719736,0.273393977305023
"IL2",0.831133885089722,0.296413884353678
"KIR2DS3",0.823119759622618,0.293717515519513
"SPP1",0.889862158246109,0.264602742335944
"NSD1",0.932446913410637,0.238601882291765
"EPCAM",0.816172815727023,0.292576392235949
"MTOR",0.885663208858963,0.266649147326244
"SYCP1",0.814365526361367,0.293122646362406
"MASP1",0.925807491928488,0.231654487875996
"TSLP",0.850957341701115,0.28695549627694
"NEFL",0.666660535496974,0.364337680518861
"CSF2",0.177481044752527,0.810443812533494
"CD1E",0.900959270015381,0.27034637215068
"PVR",0.642958438460302,0.449817453187986
"C8A",0.826933107984129,0.276183557596562
"KRT6B",0.794499053738787,0.34940559935373
"RGMB",0.781034311577787,0.288824855217136
"IFNA7",0.79376066520597,0.357734752153008
"FGF18",0.87077801910912,0.25310090863972
"DIPK2B",0.886970038554937,0.24432353554909
"PFKM",0.757234692274072,0.336210333496023
"FAS",0.956893095616648,0.229499581211677
"GLI1",0.838378591009668,0.288919446767009
"RRAS2",0.820059439355503,0.278438363038248
"MLLT3",0.864791258102675,0.269056109991339
"MAP3K8",0.947616254821538,0.271377448664929
"LAMC3",0.83451054081589,0.31288944353343
"ELOB",0.784536554436296,0.35377610922966
"VCAM1",0.993461776013614,0.226674858913836
"TPM4",0.781197818048914,0.392110340950387
"CREBBP",0.962034818093922,0.20196973193275
"IKBKE",0.949033896643702,0.257199608976013
"NCR1",0.786490499797969,0.345643134274167
"PVRIG",0.967383424534027,0.205673116808948
"IL9",0.801519781793678,0.327134099752617
"ITGAX",0.994444633915232,0.22100153805366
"JUNB",0.755601698137312,0.408940449440955
"DTX4",0.920627799400443,0.244825124898168
"SMPD3",0.900823860592922,0.235129333980641
"FCGR2B",0.950361633958512,0.286979783760375
"SERPINB5",0.872929931210353,0.259906620679938
"ADM",0.0925141252521586,1.02207631127082
"TLR3",0.879565174823491,0.291531377480246
"OAS3",0.802097065100663,0.321424685983054
"FLG",0.875760866480993,0.288217593705988
"GZMB",0.973011230558792,0.236486570758183
"ZEB1",0.863763562014607,0.247902621736361
"SERINC2",0.787138605710712,0.302194066624715
"CD79B",0.976493888991351,0.295025807655464
"NDUFA12",0.798412840132738,0.358662259232134
"TRGC1/2",0.888302010167236,0.240241749172559
"GATA3",0.901814931024655,0.234357963315671
"IL21",0.854495583752497,0.329350180286032
"EGFR",0.737403249736018,0.361267271513837
"MUTYH",0.875056093800559,0.260127434203582
"BRD7",0.870466149951743,0.219646687796745
"CREB3L3",0.764042830948383,0.32417918012123
"PLA2G4F",0.830329302491915,0.306950379704439
"GZMK",0.96634440819972,0.30232796981633
"TMEFF2",0.771881835958536,0.269115146238281
"ASL",0.744921912141534,0.321187617520208
"FOXJ1",0.782513183531067,0.299370584667466
"FCRL2",0.990146978093966,0.239970664930445
"CREB3L4",0.84687446414194,0.253117626870793
"PECAM1",0.991138208670681,0.277141432578755
"PRKCD",0.910576480664569,0.256774490793426
"PGM2",0.817706714355276,0.281896286404589
"COX5B",0.763026449792798,0.323434561646456
"CFP",0.912445689919739,0.285063197925718
"PRKAA2",0.806036998252021,0.278729238200803
"PALMD",0.866417500522583,0.281131885340383
"FCN1",0.860867064783881,0.284189320611221
"C1QBP",0.767761676912584,0.450360391298942
"IDO1",0.956421891699751,0.261454826919051
"FZD1",0.81330236314886,0.260411838923674
"BAGE",0.860691517138648,0.223333898486434
"COL2A1",0.825704711385209,0.28190496148584
"GBP2",0.89083728623845,0.282428462589733
"CD80",0.952450866543685,0.266186240999671
"MMP9",0.987194408829198,0.499076600028227
"VHL",0.870176581871024,0.282284915471807
"FLNC",0.640487720196837,0.599055044635603
"DUSP2",0.962838059458927,0.252846713527821
"ITGB6",0.822080935820603,0.296242751839815
"HNF1A",0.82818968948822,0.278095055008702
"RELB",0.865745007740095,0.324259302714583
"UBB",0.755987763896145,0.412435398800299
"ATRX",0.817040819425597,0.246599989134228
"HAMP",0.768100518488728,0.327084937384308
"CD4",0.996448029410188,0.246700933622661
"TOX",0.901051492681322,0.247855786636286
"CAMK2B",0.769166038936547,0.316385953138675
"IBSP",0.832121563451578,0.28115576968489
"CXCL1",0.38341486093247,0.617671133576626
"TWF1",0.756431171743791,0.383295691892369
"IFNGR2",0.88944058274198,0.344332444707336
"B2M",0.989139613720799,0.323258253629326
"ETS2",0.619480554524622,0.444198701996981
"LILRB3",0.751642332744641,0.376725379265865
"TNFSF11",0.907642578857204,0.290620788177138
"CDKN1A",0.843340610769917,0.357767051469673
"ITGB2",0.999004758596145,0.208762345012919
"CD99",0.758080626695912,0.339124014949558
"MERTK",0.929097653062246,0.246824022051333
"VEGFA",0.0782591263583949,1.09181581476676
"LRP1",0.68677195453538,0.347499774900548
"ADH6",0.867741053230902,0.281219513669754
"HELLS",0.81734544960408,0.385068671291359
"CD97",0.917915013067511,0.213299996442162
"CDKN2B",0.824285218941769,0.303987880990543
"TRAT1",0.955178872205033,0.266927036413978
"EIF2AK2",0.807736803331089,0.284095496856451
"CDKN1C",0.908999337228454,0.260016873740406
"KDM5C",0.924857837958055,0.241772597075068
"PSMB2",0.852963773017719,0.327420996519363
"THBD",0.923901586761911,0.249295407576815
"TLR8",0.858093247054979,0.323495284473334
"RASGRP1",0.962601452012524,0.271557864900962
"FLNB",0.616316184693957,0.429346721038111
"SPRED1",0.744197473459275,0.333001666550231
"ALDOA",0.702871510006673,0.419506478546364
"RUNX1T1",0.891702119946502,0.258386202544772
"LAMP3",0.955666215811076,0.258424068792633
"PRF1",0.929481863670249,0.283009201573009
"MSRB2",0.832597317238075,0.281816975730669
"RAD52",0.85533853131955,0.238548871333277
"APOA2",0.854951676624904,0.284579452469034
"CEACAM3",0.814358065916879,0.333992690894521
"PSMB7",0.765943122746508,0.43183027063636
"ROR2",0.863383977847893,0.302725449371664
"NLRC5",0.983380330537956,0.246724952469933
"ASPA",0.845267041733622,0.316321196285195
"CLEC6A",0.822486274585587,0.305481843365341
"HOXA10",0.757253428263651,0.272695341968757
"PTCRA",0.848364041620466,0.269571440765941
"SIRPA",0.913121226902164,0.24397261225406
"ITGA2B",0.81796204526309,0.330702902758869
"KLRF1",0.84584617180005,0.291591976319277
"DUSP4",0.784859895803135,0.293780578017395
"IL7R",0.961555311924733,0.269668608804504
"TAF3",0.890148009320348,0.235664379452493
"MAPK8IP2",0.865458935022893,0.295747717140781
"C4A/B",0.924904501250748,0.287136006205597
"SIGLEC5",0.881056173937449,0.283410007425256
"ITCH",0.90198373676142,0.201445958011753
"HLA-DMA",0.998439496599665,0.219058467443766
"SLAMF6",0.9920422060242,0.240637278261951
"CCL23",0.800881790852192,0.328719504656375
"HHEX",0.977519229330768,0.178026027984538
"CDH11",0.887718311515707,0.251349566369561
"IFI27",0.862714070826579,0.413650800376442
"JAK1",0.955640192237401,0.221852828774739
"COLEC12",0.954767902188991,0.266851224981832
"DPP4",0.92552284428173,0.255092023413349
"GPR160",0.911385465163207,0.277499977413272
"PRKX",0.905278289149391,0.294861197625001
"IL16",0.976359484569358,0.273164462173602
"PRKDC",0.83045695236416,0.365446609973585
"NANOG",0.865393638398028,0.207287836958089
"IER3",0.426748627339608,0.589047121078579
"ITGA6",0.905537157467296,0.256729882913075
"DUSP1",0.862471333843547,0.610660294054719
"CALML6",0.832469580188726,0.318349305399851
"CCNA1",0.858097911467122,0.281180633028324
"MS4A1",0.990707035920061,0.221885790930052
"CLEC4E",0.863713092155536,0.274340553015683
"PSMB8",0.921851519706392,0.322863028825979
"PDZK1IP1",0.855993344925639,0.283821363628498
"SELENOK",0.809249270012875,0.297572803425361
"PSAT1",0.715178743130234,0.533010212645919
"GNGT1",0.841808947414852,0.307255052802328
"COL24A1",0.85084537340038,0.274558142537314
"NBN",0.879706590821013,0.259217817240885
"NDUFA7",0.822012199670876,0.310120729138964
"BAIAP3",0.884370809154029,0.283776900906231
"IL20RB",0.857811511213226,0.25930829086504
"APC",0.920407879416853,0.219055408307484
"PPP2R2C",0.884159398570246,0.286251884396861
"PTPRC",0.994396625420194,0.289480637606371
"MAVS",0.892675300703989,0.231153393607111
"HLA-DPA1",0.996922530292923,0.241227777789064
"PSEN1",0.86446543258116,0.231993548268317
"PCNA",0.728996040832863,0.589947849355586
"SPOP",0.824738042402206,0.318531054617105
"CD40LG",0.930669176706568,0.233370106339732
"CCL18",0.997155590385584,0.266016205086559
"NR4A1",0.867520108036182,0.246615837816439
"IL22",0.837866459708165,0.271385259386153
"MAGEC1",0.581152713605384,0.478295250041414
"TNFRSF1B",0.991442907476817,0.283564736151948
"ERG",0.907739541840541,0.255260786239419
"NOS1",0.855616230205507,0.264300569119202
"CDKN2D",0.894787719803307,0.25596837412935
"CEBPE",0.84823915933354,0.270001670761245
"LOXL2",0.604433302587532,0.506164509509127
"HEY1",0.855596586330043,0.294790784779488
"HDAC6",0.921076554283165,0.206463841422129
"E2F4",0.761698219245508,0.363264410316728
"DUSP10",0.932953134855633,0.267763470874873
"CRP",0.839166869088925,0.315525215441513
"IFNL1",0.870004905326738,0.266680771061702
"LAMB3",0.343879631384166,0.760792001815028
"BIRC5",0.771226470510739,0.486170826259249
"SIRT4",0.83972095615043,0.270082817229365
"IFITM1",0.918165896036708,0.336980456387696
"AQP9",0.785081336235513,0.324710530442561
"MYCT1",0.737493874907508,0.332964867776364
"BRIP1",0.71743738882131,0.337551415935946
"RPS27A",0.849382169804045,0.293740374248272
"CARD9",0.860843640592793,0.288546323462413
"SMAD9",0.948941043038093,0.251634724972326
"HSP90B1",0.826404401773157,0.317207984103787
"FZD7",0.892281261932439,0.244670922344706
"MAP3K13",0.817316158476998,0.269563768823653
"GADD45G",0.905858917670732,0.274687390377147
"VCAN",0.789877768356669,0.360237777008206
"CCNA2",0.78672379847946,0.442260101066032
"BMP8A",0.889568716000819,0.266680918319191
"CDC25B",0.904264816116648,0.316204520245095
"IRAK4",0.945799467278469,0.213198988887992
"TPM1",0.678951978174612,0.415835857599896
"RPS6KA6",0.77972784527334,0.291417961268287
"CTSL",0.78203927574315,0.333912098400745
"CEACAM6",0.791918026673279,0.282010648056924
"SLC11A1",0.862507456309804,0.264426297924465
"RUNX3",0.992450156600353,0.229482127570122
"STAG2",0.754741335889589,0.341878981824113
"PLA2G6",0.944564183695139,0.262565806937141
"PPP3R2",0.835020812167483,0.274759282314164
"KRAS",0.926336931989451,0.199037736489588
"ERCC6",0.886869376302245,0.242567109940879
"FCGR3B",0.883787744761239,0.276684260122976
"ALKBH2",0.792331755318322,0.2761072026079
"PLCG2",0.997774379918075,0.261993078062986
"NCAM1",0.843292516913435,0.243893739138802
"GSK3B",0.939496033251261,0.213961385039267
"POLD4",0.934332730185811,0.233860167817479
"NF2",0.776357978111207,0.376798747831296
"FCGR2A",0.884639176645387,0.284138291077938
"CIC",0.84419459263295,0.249745036373273
"SLC16A1",0.754793619541946,0.322791456245944
"USP9Y",0.937310552723456,0.316984338161614
"CD24",0.99476678624961,0.255882584097799
"VTCN1",0.829724139609425,0.274099213301091
"HCK",0.97116614535687,0.25671745485431
"AKT1",0.801427800191445,0.404376168941148
"PIN1",0.782143270405635,0.360676823877733
"AKR1C4",0.838381873737453,0.294930511489139
"SYT17",0.880846951192351,0.283042266444228
"NKX2-1",0.751924527622688,0.331177197831017
"RAD21",0.905077822859819,0.280762118990503
"IGF1R",0.783643890189302,0.314704652663225
"CD207",0.884378931564649,0.274489804609068
"CTLA4",0.976361226978405,0.223670682298315
"COX6B1",0.827387675145268,0.298464480117771
"TIGIT",0.969496490831548,0.219275516760005
"EIF2B4",0.80997540088,0.261174584115465
"SOX10",0.844967953858417,0.331534090870682
"DACH2",0.802784170420026,0.290992793446808
"UQCRQ",0.80995320406959,0.288841900085293
"FPR3",0.936621629705294,0.295190633169206
"WT1",0.817958195850701,0.260280632416533
"CLECL1",0.946936742360481,0.27796793140498
"SLC25A1",0.836450389678579,0.260682123015332
"HSPA1A",0.0457265301946283,0.929463677374822
"ATM",0.988047821842372,0.161185192188096
"TIAM1",0.872858553375009,0.237528981248594
"CAPN2",0.809718873401429,0.360420114215977
"LRP5",0.834871519225866,0.225744173991663
"MAPK8IP1",0.838355517702681,0.316702062228865
"PPARGC1B",0.864458357224627,0.282223772972116
"CD3E",0.99474249849398,0.264785764881939
"ARID1B",0.929957547808383,0.240689232827017
"CDC6",0.821208905369769,0.319972430475672
"CEBPA",0.937545080564801,0.250014866706012
"WNT4",0.846132885281411,0.306902519079444
"MAPK12",0.690794207909971,0.355892603026402
"LAMP1",0.935526717115267,0.24038357013535
"PNOC",0.947614636833197,0.258914133400949
"NTRK2",0.793636612614293,0.301081656644464
"FGF2",0.841545818306876,0.256521844742791
"RELA",0.799452696046437,0.269828030597401
"TWIST2",0.793348724207398,0.303115438491494
"KIR2DS2",0.83182535639662,0.317661845347569
"FBXW7",0.952505433940962,0.215290576403077
"IL6",0.772964540833804,0.324968433812174
"H3C10",0.775164289398399,0.839026315587527
"CSF3R",0.942765333771865,0.211527249610083
"MTF1",0.901599110279889,0.213440384592254
"C1S",0.99323597032471,0.263951032830988
"EPHA2",0.829585276170067,0.331400263065043
"NGFR",0.766712551395676,0.298817099074768
"ENDOG",0.76661800372534,0.32025173198097
"CEBPB",0.753792941755348,0.313537723787111
"SPRY4",0.634996808336077,0.399315846328353
"CYP8B1",0.813309088257958,0.2742843785503
"NOS3",0.859371761690619,0.265632875263538
"PROM1",0.812441010311524,0.359285087114098
"HLA-DPB1",0.936279415108644,0.252563844693294
"LYN",0.99538305527464,0.234245288171801
"MAPK9",0.83347070038275,0.294411043512085
"CDC14B",0.820700317640016,0.249536608880967
"WNT2",0.839262270907322,0.276765590688827
"NDUFA13",0.817898050315036,0.357862296040988
"FGF9",0.883148417283343,0.284318109356818
"ADH1C",0.967948185431442,0.226534317869377
"LAIR1",0.97598407127114,0.235075486772065
"PFKFB3",0.487357272213218,0.540854717806718
"ACVR1C",0.860706941864417,0.319814320385878
"COX6A1",0.749050138251235,0.353167488498753
"MYCN",0.84935313520728,0.292295415989959
"TNFRSF25",0.937944683719384,0.235358324771035
"SUV39H2",0.83140281551927,0.252374824543602
"PRL",0.840259938483853,0.271912171654594
"RIMKLA",0.826557376230816,0.29162830779416
"NFKBIA",0.830874442709336,0.384400425763462
"SPACA3",0.87722977898581,0.292294155350225
"ERCC2",0.725808211234026,0.319905109222601
"APOM",0.869023210570627,0.272629185526695
"NAALAD2",0.821667498140529,0.251671791334028
"ERCC3",0.892840112679408,0.233465865282024
"IL6R",0.972399939259158,0.224598564316356
"TCF3",0.894370131898766,0.232978397143506
"TGFBR2",0.936146586646494,0.282341609722581
"CD63",0.805064436559659,0.379219700865037
"NRAS",0.851157259543568,0.269684896490036
"CCND1",0.769623918851367,0.455636225262515
"MIB1",0.854216714402536,0.250576218113747
"PLCB1",0.850893250771705,0.294371647725805
"TFDP1",0.871423432844791,0.272083062839404
"TFRC",0.859331140758129,0.284768423876623
"PLA2G2A",0.848615306136105,0.311423474834738
"MDC1",0.871508289983077,0.236270363440977
"FLT1",0.904742012263755,0.281613424181068
"H3-3A",0.946888570521688,0.335535016873288
"NCF4",0.992575209348592,0.253603173444324
"POLD1",0.76328216907903,0.317025796019289
"PARP9",0.941272558205261,0.24895209815304
"DGLUCY",0.860207351202831,0.247633725829944
"CCL3",0.878413071809818,0.263285143013887
"KLRD1",0.922363135908352,0.232226440000746
"EZH2",0.760245240373543,0.339461491657815
"FEZ1",0.81508447231711,0.269661981141406
"KEAP1",0.818123713729891,0.295343335176178
"FCGR3A",0.893702512551652,0.276350929779455
"CD86",0.940541186863854,0.296872565182298
"MNX1",0.852539484847654,0.278312548122571
"LY9",0.983314095220442,0.265759922978895
"TOP2A",0.826829827442636,0.431328881286654
"TLR9",0.929585269440892,0.331607571614498
"RNF43",0.752406446056014,0.282115765595061
"WNT2B",0.848167962488906,0.277121755818696
"GUSB",0.831443443693864,0.26897720197003
"CLEC5A",0.831964424270745,0.268804966363518
"LY96",0.914580403010677,0.251299561170677
"IL1R2",0.906668120222601,0.291698722959822
"CD59",0.71011757123838,0.357522640622435
"MAP2K6",0.829728719078419,0.30168257460222
"POLE2",0.794449627031346,0.30835368072239
"DTX3L",0.913457662482633,0.259389352760738
"IRAK2",0.64234282673848,0.435436944897457
"ADORA2A",0.743243046067058,0.440060709772561
"MLANA",0.848501554289284,0.305602637035392
"GLUD1",0.871660333433565,0.234023086541802
"LAMA3",0.843176330495216,0.239653081710439
"PSMB10",0.930336065601643,0.290037492825821
"CTAGE1",0.844930802087902,0.287457880181895
"MMP1",0.0343135743635816,1.18537884392381
"GTF2H3",0.859272919081883,0.263605265688009
"GADD45A",0.566535269306078,0.434881204389068
"CD22",0.996147350203744,0.269114796397293
"SAMD9",0.788557606200846,0.286525702365296
"CBLC",0.712311542282575,0.368913439707868
"GZMA",0.954629264367823,0.243980916263556
"IL12RB1",0.88295656275061,0.268031704447238
"SMAD3",0.842635748194389,0.265932077182614
"DUSP5",0.643893444149223,0.396980053643884
"HMGA1",0.588224838245697,0.489833096868303
"PLK1",0.757627142624554,0.461461893745194
"PKP3",0.773319415772886,0.28861763433762
"RPLP0",0.760966603331239,0.366949655216668
"OSM",0.830951030889444,0.315380325746714
"CR1",0.994176987886408,0.278846059122336
"TAPBP",0.984946089373219,0.16787083868618
"GATA2",0.880242873226921,0.248071527375887
"CD69",0.97298943902675,0.244786734919057
"TLX1",0.86592397305402,0.28251607969128
"TMEM163",0.948696719036549,0.247846145076484
"CEACAM8",0.810709932953462,0.325157259807106
"PLAUR",0.592398249656158,0.655832678054728
"ACTB",0.765196292176968,0.446113444794499
"NGF",0.834817829083277,0.294379100521649
"FOSL1",0.603994933931925,0.552724950055646
"BLVRA",0.766305628125097,0.301182710380878
"CYFIP2",0.991512879455842,0.293589800019011
"H3-5",0.785452771378517,0.324444426562894
"ELANE",0.755437802855818,0.347550570777459
"NSD3",0.72817342985326,0.355130819728026
"ST6GAL1",0.997150095226935,0.244816090989125
"AKT2",0.86161860748434,0.254626833822664
"IFI6",0.708803574207755,0.395216633139753
"SYK",0.991884969277719,0.241260905553983
"CACNA2D4",0.866807790236631,0.292456482996637
"IL17RB",0.785499959831988,0.329396607541962
"KIT",0.905900971263838,0.273202300302526
"C5",0.824663056729327,0.270031570871031
"FST",0.613132454896015,0.442847005064729
"IFITM2",0.814891608977768,0.304880992048714
"NDUFB11",0.850642207538866,0.247493342383301
"TAPBPL",0.95367000612466,0.211699968922788
"ANGPT1",0.848115761301648,0.331948118208461
"TREM2",0.84012007709979,0.300844696585767
"RPS6KB1",0.855696510937555,0.254696397807742
"ITGB1",0.789443780005562,0.386648231261821
"TNFRSF13B",0.987055394450749,0.226995476739568
"CD28",0.963531552557118,0.237695586304867
"HLA-G",0.881068214182488,0.265714017985122
"IL22RA2",0.886132071742789,0.286431137980705
"IL1RL1",0.86858506453967,0.277727074172723
"CHEK2",0.857446052673356,0.245167440601333
"PLA2G4E",0.817588716206711,0.300485334572993
"TRAF7",0.854729350783753,0.273900778040743
"HLA-DQA2",0.978359678892088,0.302208478180714
"IL3",0.845485235914756,0.317861111311223
"S100B",0.944774673158053,0.250649872159715
"BLK",0.995348920024734,0.235604547720056
"ERBB2",0.818164111697178,0.249502601713388
"IFNL2",0.829459341460538,0.277548946131498
"GNAS",0.768877025773486,0.385089796484083
"SOS1",0.92954522640997,0.192431482082343
"IL2RA",0.960309953712592,0.248650884514035
"HLA-DQA1",0.998125407606626,0.240695972112031
"EYA1",0.72237320275281,0.33306375569147
"MAPK14",0.908749681105318,0.215516105260047
"CDC7",0.801877990445624,0.311459662474026
"COL1A1",0.863024199312007,0.543395327356914
"SELL",0.998907531763533,0.237182815993499
"GTF3C1",0.86179545693671,0.235421147444532
"CST2",0.715159581743194,0.350074516401058
"KLRC2",0.886287215828423,0.259841745655181
"HIF1A",0.86651561391033,0.358400770440787
"FOXO4",0.799481005835095,0.26649435651465
"GPSM3",0.993508586592303,0.223840482755233
"SHC3",0.803114185936772,0.276811142668129
"NFKBIE",0.920791728200193,0.255129422938268
"CD70",0.822610128029903,0.289976153090707
"IL4R",0.971346995584726,0.24852927094268
"PRKCG",0.873894117848244,0.23593549738607
"OAZ1",0.790715457132826,0.406500734664562
"BAG1",0.87043716476163,0.279407839691416
"SP1",0.938624516404842,0.210146029257524
"OAS2",0.897181048538928,0.290310951281282
"TANK",0.946074193218009,0.255790291317775
"FOXA1",0.848647515646275,0.254756294333417
"ADGRE1",0.820553215096441,0.3115329384306
"FZD3",0.774248277727331,0.280140425200243
"INPP5D",0.997821991530116,0.233962720042003
"TPO",0.855920404635341,0.27498398214778
"PRUNE1",0.907653125972076,0.206872256535832
"SOCS1",0.95767796236634,0.265767898309903
"FEN1",0.793702371189024,0.389470064960519
"CD47",0.933071839773985,0.240636935694581
"GLUL",0.851835491050708,0.309368572653219
"CD8A",0.967230486449108,0.261469242986419
"MLF1",0.695208187162991,0.328013682768402
"MIF",0.699738420118885,0.44647104984168
"PPARG",0.78366318523522,0.307903928210894
"FZD10",0.815020536552704,0.305493806865621
"MFNG",0.986915660168012,0.232570176127321
"PLA1A",0.927773327876301,0.283030396437286
"CREB1",0.946834221739205,0.213205985546179
"WNT5B",0.803157062668264,0.297375677392092
"CCL20",0.88912833246106,0.294005721228377
"CD74",0.950576810147802,0.226039615560625
"IRS1",0.838474910247491,0.298126968802018
"GADL1",0.795566806354873,0.305874634714809
"CALML5",0.842379825161466,0.334862002298511
"TECR",0.829122730745708,0.391844754743349
"CCRL2",0.816853350943387,0.311370526992508
"TTR",0.878612025315614,0.268171532266717
"BATF3",0.847816567649976,0.255803920714477
"NDUFA4L2",0.879957519094314,0.250739676712437
"CEP55",0.81553980834977,0.308372065030059
"IL1R1",0.958370953964889,0.26556787409894
"AXIN1",0.896089080305487,0.235295011795304
"CACNA1H",0.875484866737119,0.270705975459238
"E2F1",0.749481155807454,0.347255751393273
"TAP2",0.922211722054017,0.294832586032571
"NFATC3",0.924725849494943,0.260976811764323
"HPRT1",0.723766702439973,0.417372109304521
"PRKCA",0.746225106513541,0.313000028744534
"CTNNB1",0.767063773018011,0.383370819157698
"JUP",0.945788438210575,0.305286900292247
"ME2",0.910801165419655,0.226624969975884
"IL10RA",0.994325310385945,0.28267859985975
